code	name	kcal	protein	carbs	fat
1000	Pastis	274	0	2.9	0
1001	Eau de vie	229	0	0.4	0
1002	Gin	265	0	0	0
1003	Liqueur	328	0.1	39.6	0.3
1004	Rhum	256	0	0	0
1005	Whisky	252	0	0.1	0
1006	Vin doux	43	0.2	10.5	0
1007	Apéritif à base de vin ou vermouth	45	0.1	11.3	0
1008	Vodka	242	0	0	0
1010	Pastis, prêt à boire (1+ 5)	28	0	6.9	0
1011	Apéritif anisé sans alcool	4	0	1	0
1012	Cocktail à base de rhum	110	0	22.5	2.2
1013	Cocktail à base de whisky	64	0	15.9	0
1014	Alcool pur	660	0	0	0
1015	Marsala	211	0.1	27.9	0
1016	Marsala aux oeufs	153	0	12.4	0
1017	Sangria	42	0	10.3	0.1
1018	Kir (au vin blanc)	30	0.2	7.4	0
1019	Kir royal (au champagne)	33	0.3	8	0
1021	Crème de cassis	245	0	41	0
1022	Cocktail type punch, 16% alcool	74	0.6	17.8	0
1023	Eau de vie de vin, type armagnac, cognac	228	0	1	0
1024	Eau de vie, type calvados	0	0	0	0
1026	Saké ou Alcool de riz	133	0	5	0
1027	Spécialité végétale type fromage à tartiner, au soja, préemballée	175	11.7	1.1	13.1
1028	Spécialité végétale type fromage, à la noix de cajou, préemballée	441	14.5	15.2	35.3
1029	Spécialité végétale type fromage en tranche ou râpé, sans soja, préemballée	272	0	21.2	20.1
1030	Spécialité végétale type jambon cuit, préemballée	242	29.7	4.1	11.1
1031	Spécialité végétale type pâté, préemballée	197	3.6	9.5	15.4
2000	Jus d'ananas, à base de concentré	52	0.4	11.9	0.1
2002	Jus multifruit, pur jus, multivitaminé	48	0.5	11.3	0.1
2004	Jus de fruits (aliment moyen)	47	0.5	9.6	0.1
2006	Jus de carotte, pur jus	29	0.4	6.6	0.1
2007	Jus de citron, maison	14	0.5	2.4	0.2
2008	Cocktail sans alcool (à base de jus de fruits et de sirop)	53	0.5	12.8	0
2009	Nectar multifruit - base pomme, standard	41	0.3	10	0
2010	Nectar multifruit - base pomme, multivitaminé	36	0	9.1	0
2011	Jus multifruit - base orange, multivitaminé	47	0	11.7	0
2012	Jus d'orange, à base de concentré	46	0.6	9.6	0.1
2013	Jus d'orange, maison	42	0.7	9.4	0.2
2014	Jus de pomme, à base de concentré	49	0.2	11.3	0.1
2015	Jus de pamplemousse (pomélo), à base de concentré	41	0.5	8.4	0.1
2016	Jus de raisin, pur jus	69	0.3	16.3	0.1
2017	Jus de grenade, pur jus	55	0.2	13	0.3
2018	Jus de pruneau	77	0.4	18.7	0
2019	Jus de raisin, à base de concentré	69	0.3	16	0.1
2023	Jus de mangue, frais	39	0.2	9.5	0
2024	Jus de fruit de la passion ou maracudja, frais	62	0.7	14.3	0.2
2025	Jus de pamplemousse (pomélo), maison	39	0.5	9.1	0.1
2026	Jus de tomate, pur jus, salé à 3 g/L	23	0.9	4.1	0.2
2027	Jus de pamplemousse (pomelo), pur jus	43	0.5	8.9	0.1
2028	Jus de citron, pur jus	29	0.4	6.1	0.3
2030	Jus de citron vert, maison	9	0.4	1.7	0.1
2031	Jus de citron vert, pur jus	8	0.3	1.2	0.2
2032	Jus de tomate, pur jus, salé à 6g/L	20	0.9	3.3	0.1
2033	Jus multifruit, à base de jus et purée de fruits	49	0.5	11.5	0.1
2034	Jus de clémentine ou mandarine, pur jus	46	0.7	10.6	0.1
2035	Jus multifruit, pur jus, standard	49	0	11.2	0
2036	Jus multifruit - base raisin, standard	54	0.5	13	0
2038	Jus multifruit - base orange, standard	46	0.7	10.4	0.2
2039	Jus de grenade, frais	47	0.2	11.6	0
2043	Nectar d'abricot	56	0.2	13.7	0
2045	Nectar de papaye	58	0.2	13.9	0.2
2048	Jus multifruit - base pomme, standard	50	0.3	12.2	0
2050	Jus multifruit - base pomme, multivitaminé	45	0.3	11	0
2052	Jus de fruit(s) et de légume(s), pur jus	41	0.9	9.5	0
2053	Jus de tomate, pur jus (aliment moyen)	22	0.9	3.7	0.1
2054	Nectar de poire	60	0.2	14.8	0
2060	Nectar multifruit, multivitaminé	47	0.2	11.3	0.1
2061	Nectar multifruit, standard	50	0.3	11.5	0.1
2062	Nectar multifruit - base orange, multivitaminé	46	0.4	11.1	0
2063	Nectar multifruit - base orange, standard	51	0.3	12.2	0.1
2064	Nectar, avec édulcorants, allégé en sucres	23	0.2	5.5	0
2069	Jus multifruit, à base de concentré, standard	48	0.5	11.2	0.2
2070	Jus d'orange, pur jus	45	0.6	9.6	0.1
2071	Jus multifruit, à base de concentré, multivitaminé	45	0.3	10.8	0.1
2072	Jus de fruits, pur jus (aliment moyen)	47	0.5	9.3	0.1
2073	Jus d'ananas, pur jus	53	0.4	12.1	0.1
2074	Jus de pomme, pur jus	49	0.2	11.4	0.1
2075	Jus de légumes, pur jus (aliment moyen)	22	0.7	4.7	0.1
2076	Nectar de pomme	45	0.1	10.9	0.1
2077	Jus de fruits, à base de concentré (aliment moyen)	47	0.5	10.5	0.1
2365	Nectar de fruit de la passion ou maracuja	63	0.3	15.2	0.1
2366	Nectar de banane	56	0.2	13.6	0
2367	Nectar de goyave	47	0.1	11.3	0.2
2370	Nectar de mangue	51	0.2	12.3	0.1
2371	Nectar de pêche	50	0.2	12.1	0.1
2374	Nectar d'ananas	52	0.1	13	0
2375	Nectar d'orange	37	0.3	8.8	0.1
2377	Jus d'orange sanguine, pur jus	44	0.6	10.2	0.1
2500	Smoothie	54	0.6	12.4	0.3
3000	Lait 1er âge, poudre soluble (préparation pour nourrissons)	496	10.9	55	25.3
3002	Lait 2e âge, poudre soluble (préparation de suite)	484	11.6	56.3	23.2
4000	Tapioca ou Perles du Japon, cru	354	0.2	87.8	0
4002	Pomme de terre, sans peau, rôtie/cuite au four	92	2	20.1	0.1
4003	Pomme de terre, bouillie/cuite à l'eau	81	1.8	16.7	0.3
4004	Chips de pommes de terre nature ou aromatisées, standard	545	5.7	51.1	34.3
4007	Pomme de terre nouvelle, bouillie/cuite à l'eau	8	1.4	0	0.3
4008	Pomme de terre, sans peau, crue	81	2.2	16.2	0.2
4011	Pomme de terre, appertisée, égouttée	60	1.5	11.7	0.3
4013	Pomme de terre noisette, surgelée, crue	181	2.8	24.9	7.2
4014	Pomme de terre vapeur, sous vide	74	1.7	15.4	0.2
4015	Pomme de terre poêlée, avec matière grasse	137	2.5	17.3	5.7
4016	Pomme de terre, flocons déshydratés, au lait ou à la crème	371	10.6	69.4	4
4017	Pomme de terre, purée à base de flocons, reconstituée avec lait entier, matière grasse	98	1.9	10.2	5.2
4018	Pomme de terre, purée, avec lait et beurre, non salée	89	1.9	14.2	2.4
4019	Pomme de terre, purée à base de flocons, reconstituée avec lait demi-écrémé et eau, non salée	67	2.6	12.1	0.5
4020	Pomme de terre dauphine, surgelée, crue	285	4.6	25.6	17.7
4021	Pomme de terre dauphine, surgelée, cuite	302	4.5	30.2	17.7
4022	Pomme de terre, flocons déshydratés, nature	361	8	76.1	0.5
4023	Pomme de terre nouvelle, crue	76	1.9	15.9	0.3
4025	Potatoes ou Wedges ou Quartiers de pommes de terre épicés, surgelées, cuites	174	3.3	25.3	5.8
4026	Pomme de terre, rôtie/cuite au four	89	2.5	18.5	0.1
4027	Pomme de terre sautée/rissolée, pré-frite, surgelée, cuite	156	2.8	23	4.8
4028	Pomme de terre de conservation, sans peau, bouillie/cuite à l'eau	76	1.8	15.7	0
4029	Pomme de terre primeur, sans peau, bouillie/cuite à l'eau	72	1.8	14.9	0
4030	Frites de pommes de terre, surgelées, rôties/cuites au four	213	3.8	32.6	6.6
4032	Frites de pommes de terre, surgelées, cuites en friteuse	285	3.3	39.4	11.9
4034	Pomme de terre duchesse, surgelée, cuite	218	3.4	29.5	8.5
4035	Pomme de terre noisette, surgelée, cuite	191	2.8	28.5	6.6
4036	Pomme de terre sautée/poêlée à la graisse de canard	213	2.5	21.9	12.1
4037	Chips de pommes de terre nature ou aromatisées, à l'ancienne	570	5.6	49.8	37.6
4038	Chips de pommes de terre et assimilés nature ou aromatisées, allégées en matière grasse	463	6.6	62.1	19.8
4039	Rostis ou Galette de pomme de terre	182	2.4	22.5	8.3
4041	Aligot (purée de pomme de terre à la tomme fraîche), préemballé	195	8.1	9.5	13.3
4042	Pomme de terre duchesse, surgelée, crue	178	2.8	23.2	7.7
4043	Pomme de terre sautée/ rissolée, pré-frites, surgelée, crue	135	2.3	20.9	4.2
4044	Frites de pommes de terre, surgelées, préfrites, pour cuisson rôtie/ au four	154	2.4	23.4	5.1
4045	Frites de pommes de terre, surgelées, préfrites, pour cuisson micro-ondes	254	3.5	34	10.8
4046	Frites de pommes de terre, surgelées, préfrites, pour cuisson en friteuse	244	3.1	29.1	12.1
4047	Pomme de terre, purée (aliment moyen)	92	2.1	12.7	3.3
4048	Pomme de terre, cuite (aliment moyen)	93	2	17.2	1.4
4090	Fécule de pomme de terre	348	0	86.3	0.2
4101	Patate douce, crue	86	1.5	18.3	0.2
4102	Patate douce, cuite	63	1.7	12.2	0.2
4103	Patate douce, purée, cuisinée à la crème	80	1.1	12.1	2
5000	Bière brune	18	0.4	4.1	0
5001	Bière "coeur de marché" (4-5° alcool)	12	0.4	2.7	0
5002	Bière forte (>8° alcool)	21	0.6	4.6	0
5003	Cidre (aliment moyen)	14	0.1	3.2	0.1
5004	Panaché (limonade et bière)	36	0	5.6	0
5006	Cidre brut	10	0	2.6	0
5007	Cidre doux	38	0	5.1	0
5008	Bière faiblement alcoolisée (3° alcool)	20	0.3	4.6	0
5009	Bière blanche	35	0	0.4	0
5010	Bière "spéciale" (5-6° alcool)	20	0.5	4.6	0
5011	Bière "de spécialités" ou d'abbaye, régionales ou d'une brasserie (degré d'alcool variable)	15	0.6	3.2	0
5020	Cidre traditionnel	7	0	1.9	0
5021	Cidre bouché demi-sec	48	0	4.4	0
5022	Cidre aromatisé (framboise)	35	0	5.3	0
5100	Pétillant de fruits	28	0	7	0
5201	Vin blanc mousseux	7	0	1.7	0
5207	Champagne	12	0.3	2.8	0
5209	Vin blanc mousseux aromatisé	21	0.2	5.1	0
5210	Vin (aliment moyen)	14	0.1	3.3	0
5214	Vin rouge	82	0.1	2.6	0
5215	Vin blanc (sec)	16	0	4	0
5216	Vin rosé	6	0	1.6	0
6001	Boeuf, côte, crue	251	18.7	0	19.6
6002	Boeuf, épaule, crue	168	20.4	0	9.6
6003	Boeuf, basse-côte, crue	201	19	1.5	13.2
6100	Boeuf, entrecôte, partie maigre, grillée/poêlée	198	25.5	0	10.7
6101	Boeuf, braisé	240	32.1	0	12.4
6102	Boeuf, gîte à la noix, cru	148	21.3	0	7.1
6103	Boeuf, entrecôte, crue	231	19.4	0	17.1
6104	Boeuf, gîte à la noix, cuit	102	21	0.2	1.9
6105	Boeuf, faux-filet, rôti/cuit au four	194	28.8	0	8.7
6106	Boeuf, rond de gîte, cru	111	22.9	0.4	2
6110	Boeuf, faux-filet, grillé/poêlé	182	27.1	0	8.2
6111	Boeuf, faux-filet, cru	152	22.3	0.6	6.7
6116	Boeuf, filet, cru	132	21.6	0.2	5
6122	Boeuf, plat de côtes, cru	287	18.4	0	23.7
6123	Boeuf, plat de côtes, braisé	269	37.3	0	13.3
6130	Boeuf, hampe, crue	154	19	0	8.6
6131	Boeuf, hampe, grillée/poêlée	174	21.6	0	9.8
6140	Boeuf, joue, crue	136	22.3	0.4	5
6141	Boeuf, joue, braisée ou bouillie	236	39.2	0	8.8
6150	Boeuf, jarret, cru	122	20.9	0	4.3
6151	Boeuf, jarret, bouilli/cuit à l'eau	161	31	0	4.1
6160	Boeuf, tende de tranche, crue	116	23.1	0.6	2.3
6161	Boeuf, tende de tranche, grillée/poêlée	141	28.7	0	2.9
6162	Boeuf, tende de tranche, rôtie/cuite au four	146	29.8	0	3
6200	Boeuf, steak ou bifteck, grillé	128	27.6	0	2
6201	Boeuf, steak ou bifteck, cru	223	19.2	0	16.2
6202	Boeuf, boule de macreuse, crue	118	21.8	0	3.4
6204	Boeuf, onglet, cru	138	19.9	0.6	6.2
6205	Boeuf, onglet, grillé	171	23	0	8.8
6206	Boeuf, rumsteck, cru	114	22.5	0.4	2.5
6207	Boeuf, rumsteck, grillé	123	25	0	2.5
6208	Boeuf, boule de macreuse, grillée/poêlée	144	26.7	0	4.1
6210	Boeuf, rosbif, rôti/cuit au four	117	21.9	0.3	3.2
6211	Boeuf, bavette d'aloyau, grillée/poêlée	162	25	0	6.9
6212	Boeuf, bavette d'aloyau, crue	133	20.4	0	5.7
6214	Boeuf, boule de macreuse, rôtie/cuite au four	147	27.3	0	4.2
6230	Boeuf, à bourguignon ou pot-au-feu, cuit	172	34	0	4.1
6231	Boeuf, à bourguignon ou pot-au-feu, cru	164	24	0	7.5
6240	Boeuf, collier, cru	198	20.1	0.8	12.7
6241	Boeuf, collier, braisé	184	33	0	5.8
6250	Boeuf, steak haché 5% MG, cru	130	21.9	0.3	4.6
6251	Boeuf, steak haché 5% MG, cuit	155	25.5	0	5.9
6252	Boeuf, steak haché 10% MG, cru	171	20	0	10.1
6253	Boeuf, steak haché 10% MG, cuit	210	26.1	0	11.8
6254	Boeuf, steak haché 15% MG, cru	209	20.2	0.5	14.1
6255	Boeuf, steak haché 15% MG, cuit	239	23.6	0	16.1
6256	Boeuf, steak haché 20% MG, cru	249	17.3	0	20
6257	Boeuf, steak haché 20% MG, cuit	265	23	0.1	19.2
6259	Boeuf, steak haché, cuit (aliment moyen)	231	23.8	0	15.1
6260	Haché à base de boeuf ou Préparation de viande hachée de boeuf, 15% MG, cru, prémeballé	196	15.8	2.5	13.6
6270	Boeuf, paleron, cru	144	21.2	0	6.5
6271	Boeuf, paleron, braisé ou bouilli	251	36.8	0.2	11.4
6310	Boeuf, queue, bouillie/cuite à l'eau	196	28	0	9.3
6311	Boeuf, queue, crue	203	21.5	0.2	12.9
6510	Veau, côte, crue	189	18.3	0	12.9
6511	Veau, côte, grillée/poêlée	156	25.1	0	6.2
6512	Veau, carré, sauté/poêlé	171	28	0	6.6
6513	Veau, carré, cru	145	19.5	0.4	7.3
6520	Veau, escalope, cuite	147	31	0	2.5
6521	Veau, escalope, crue	108	20.7	0.6	2.6
6522	Veau, noix, crue	111	21.8	0	2.6
6523	Veau, noix, grillée/poêlée	147	29.1	0	3.4
6524	Veau, noix, rôtie	147	29.1	0	3.4
6530	Veau, filet, cru	95	20.6	0	1.4
6531	Veau, filet, rôti/cuit au four	201	23.4	0.5	11.7
6535	Veau, steak haché 20% MG, cru	243	16.7	0.4	19.5
6536	Veau, steak haché 15% MG, cru	208	18.2	0	15
6540	Veau, poitrine, crue	176	18.7	0	11.2
6550	Veau, rôti, cru	145	27.3	0	4
6551	Veau, rôti, cuit	143	28.1	0	3.4
6560	Veau, épaule, crue	124	20.7	0	4.6
6562	Veau, épaule, grillée/poêlée	166	27.6	0	6.2
6563	Veau, épaule, braisée ou bouillie	219	36.4	0	8.1
6564	Veau, viande, cuite (aliment moyen)	169	29	0.7	5.6
6580	Veau, pied, cru	184	19.1	0	12
6581	Veau, jarret, braisé ou bouilli	207	37.4	0	6.4
6582	Veau, tête, bouillie/cuite à l'eau	187	21	0	11.4
6583	Veau, jarret, cru	118	21.3	0	3.7
6584	Viande blanche, cuite (aliment moyen)	173	28.1	0.3	6.6
6585	Viande rouge, cuite (aliment moyen)	195	26	0	10.1
6590	Veau, collier, cru	133	19.8	0	5.9
6591	Veau, collier, braisé ou bouilli	233	34.9	0	10.4
6900	Cheval, viande, crue	167	18.8	0.6	10
6901	Cheval, steak, cru	129	21.4	0.4	4.6
6902	Cheval, viande, rôtie/cuite au four	138	28	0	2.9
6903	Cheval, tende de tranche, crue	106	22.7	0	1.7
6904	Cheval, faux-filet, cru	121	22.2	0	3.6
6905	Cheval, entrecôte, crue	118	22.1	0	3.3
6906	Cheval, tende de tranche, grillée/poêlée	135	27.9	0	2.6
6907	Cheval, faux-filet, grillé/poêlé	163	26.6	0	6.3
6908	Cheval, entrecôte, grillée/poêlée	169	28.2	0	6.2
6909	Cheval, faux-filet, rôti/cuit au four	173	28.3	0	6.7
6910	Cheval, tende de tranche, rôtie/cuite au four	144	29.7	0	2.8
6999	Viande cuite (aliment moyen)	182	27.2	0.2	8
7000	Pain (aliment moyen)	276	8.2	54.4	1.6
7001	Pain, baguette, courante	287	8.3	58.3	1.4
7002	Pain, baguette ou boule, au levain	261	7.4	53.1	1.3
7004	Pain grillé, domestique	317	9.5	64	1.3
7007	Pain, baguette, de tradition française	279	8.2	56.6	1
7010	Pain, baguette ou boule, bis (à la farine T80 ou T110)	265	8.6	54	0.3
7012	Pain courant, 400g ou boule	266	7.9	52	2
7025	Pain, baguette ou boule, bio (à la farine T55 jusqu'à T110)	257	8.7	49.9	1.2
7100	Pain, baguette ou boule, de campagne	253	7.5	50	1.3
7110	Pain complet ou intégral (à la farine T150)	244	8.4	44.3	1.8
7111	Pain de mie, complet	262	8.5	43.7	4.1
7112	Pain de mie, au son	278	6.8	46	5.5
7113	Pain de mie, multicéréale	274	8.8	43.6	5.4
7115	Pain au son	249	8	44.4	2.6
7125	Pain de seigle, et froment	260	8.3	51.5	1
7130	Pain, sans gluten	261	2.6	51.8	3.3
7160	Pain, baguette, sans sel	279	8.3	56.5	1.3
7170	Pain panini	272	7.7	55.9	1.1
7180	Pain pita	259	7.5	53	0.9
7200	Pain de mie, courant	278	7.1	52.3	3.6
7201	Pain de mie, sans croûte, préemballé	271	7.5	49.5	3.8
7210	Pain de mie brioché, préemballé	309	7.9	52.4	6.5
7225	Pain brioché ou viennois	356	9.8	55.5	9.4
7255	Pain, baguette ou boule, aux céréales et graines, artisanal	269	9.6	46.9	3.2
7256	Muffin anglais, complet, petit pain spécial, préemballé	217	12.5	32.9	1.9
7257	Muffin anglais, petit pain spécial, préemballé	228	10.6	39.6	1.9
7258	Bagel	272	9.3	47.3	4
7259	Pain pour hamburger ou hot dog (bun), préemballé	293	9.1	49.7	5.4
7260	Pain blanc maison (avec farine pour machine à pain)	256	7.8	52.1	0.9
7261	Pain de campagne maison (avec farine pour machine à pain)	240	8	46.7	0.9
7262	Pain pour hamburger ou hot dog (bun), complet, préemballé	285	8.9	46.3	5.8
7263	Bretzel, pain frais	330	9.2	54.6	7.1
7300	Biscotte classique	409	9.8	76.6	5.9
7301	Biscotte briochée	417	10.9	69	9.3
7310	Biscotte sans adjonction de sel	405	10.4	74	5.9
7330	Biscotte multicéréale	398	11.8	66.7	7.2
7340	Biscotte complète ou riche en fibres	393	11.7	67	6.2
7351	Crackers de table au froment	450	7.8	75	12
7352	Galette de riz soufflé complet	385	7.3	80.5	3
7353	Galette multicéréales soufflée	394	8.4	82.4	2.5
7354	Galette de maïs soufflé	44	7.1	0	1.7
7400	Pain grillé, tranches, au froment	404	9.8	74.4	6.2
7403	Pain grillé brioché, tranché, préemballé	419	10.6	70.8	9.2
7407	Pain grillé suédois au froment	402	8.9	68.5	8.3
7409	Pain grillé suédois aux graines de lin	396	10.3	63	9
7410	Tartine craquante, extrudée et grillée	379	10	73.7	3.6
7412	Tartine craquante, extrudée et grillée, fourrée au chocolat	433	7.9	64.3	16
7413	Tartine craquante, extrudée et grillée, fourrée aux fruits	376	4.9	74.7	6.4
7420	Pain grillé suédois au blé complet	398	10.5	66.4	8
7421	Pain grillé suédois aux fruits	401	8	70.8	8
7425	Pain grillé, tranches, multicéréale	419	11.1	68.8	9.3
7431	Croûton à tartiner	374	12.3	70	2.9
7432	Croûtons nature, préemballés	495	8.4	59.1	24.1
7500	Chapelure	374	11.6	70	3.8
7525	Gressin	433	12.7	65.3	11.8
7600	Viennoiserie (aliment moyen)	380	7.8	49.1	16.2
7602	Croissant, sans précision	375	6.7	40.4	20
7615	Croissant ordinaire, artisanal	412	6.3	47.6	21.1
7620	Croissant au beurre, artisanal	420	6.6	45.7	22.6
7650	Croissant aux amandes, artisanal	446	7.6	35.9	29.1
7710	Pain au lait, artisanal	382	8.6	50.6	15.4
7711	Pain au lait, préemballé	359	8.9	52.2	12.3
7712	Pain au lait aux pépites de chocolat, préemballé	369	8.5	52	13.5
7720	Pain aux raisins (viennoiserie)	333	5.1	55.9	9
7730	Pain au chocolat feuilleté, artisanal	423	7.5	45.4	22.5
7733	Pain au chocolat, préemballé	425	6.9	46.8	22.3
7735	Brioche (ou briochettes) aux pépites de chocolat, préemballée	348	8.6	51.6	11.2
7737	Brioche fourrée au chocolat	351	7.5	53.2	11.6
7738	Brioche fourrée aux fruits, préemballée	346	6.9	50.5	12.1
7739	Brioche fourrée crème pâtissière (type "chinois"), préemballée	300	6.2	49.2	8.4
7740	Brioche, préemballée	354	8.1	52.7	11.8
7741	Brioche, sans précision	401	11.3	46	19.1
7742	Brioche, de boulangerie traditionnelle	374	9.8	49.2	14.7
7744	Couronne de Noël (Brioche) aux fruits confits, préemballée	355	7.2	53.3	12.3
7745	Brioche pur beurre, préemballée	366	8	51.6	14
7811	Focaccia, garnie	233	8	29.5	8.8
7812	Fougasse, garnie	306	9.5	38.8	11.8
7813	Tortilla souple (à garnir), à base de maïs	313	9.1	54.7	5.8
7814	Cake salé (garniture : fromage, légumes, viande, poisson, volaille, etc.), préemballé	321	11.6	25.6	18.4
7815	Tortilla souple (à garnir), à base de blé	327	8.3	52.1	8.2
8000	Rillettes traditionnelles de porc	390	14.3	0.2	36.9
8001	Rillettes pur porc	414	16.7	0.1	38.3
8010	Rillettes de Tours	522	18	0	50
8015	Rillettes du Mans	420	15.6	4.7	37.6
8025	Rillettes pur oie	417	14.7	0	39.8
8026	Rillettes de canard	377	15.3	1	34.6
8030	Rillettes d'oie	364	14.9	1	33.4
8040	Rillettes de poulet	340	16.4	0.5	30.3
8059	Rillettes de crabe, préemballées	192	12.2	3.5	13.6
8080	Rillettes de poisson, préemballées	243	13.9	0.3	20.7
8081	Rillettes de saumon, préemballées	237	15.1	2	18.4
8082	Rillettes de thon, préemballées	199	16.4	1.7	13.8
8083	Rillettes de maquereau, préemballées	246	11	1	22
8109	Confit de canard, viande (cuisse), sans peau, réchauffé	195	32	0	7.4
8110	Confit de canard	273	25.7	0.2	18.8
8111	Canard, magret fumé	364	21.9	0.6	30.5
8120	Confit de foie de porc	346	16	14.1	25
8125	Confit de foie de volaille	356	14	7.4	30
8201	Pâté au poivre vert	358	10.1	1.5	34.6
8206	Pâté au jambon	318	15.2	0	28.6
8211	Pâté ou terrine de campagne	323	15.5	1.5	28.2
8214	Pâté breton	363	11	2.9	34
8232	Terrine de canard	320	13.2	4.4	27.1
8240	Pâté de lapin	247	16.3	0	20.2
8242	Terrine de lapin	281	16.5	5.7	21.2
8245	Pâté de gibier	284	15	4	23
8250	Pâté ou terrine aux champignons (forestier)	329	12.6	5.9	28.1
8291	Terrine de poisson, préemballée	171	11	5.5	11.4
8292	Terrine de fruits de mer, avec ou sans poisson, préemballée	188	8.4	6.5	14
8293	Tarama, préemballé	534	6.8	3.2	54.8
8296	Terrine ou mousse de légumes	125	4.1	5.6	9.6
8297	Flan de légumes	205	5.4	4.1	18.6
8300	Pâté de foie de porc, supérieur	341	13	2.4	31
8305	Pâté de foie de porc	355	10.8	2.9	33.3
8312	Mousse de foie de porc supérieure ou Crème de foie	322	11.1	10.3	26.1
8313	Mousse de foie de porc	287	12	3.4	24.9
8315	Mousse de canard	395	10.1	7.1	36.1
8316	Pâté de foie de volaille	269	13.8	2	22.9
8321	Foie gras, canard, entier, cuit	535	8.4	2.3	54.6
8323	Foie gras, canard, bloc, sans morceaux	482	5.8	2.1	50
8324	Foie gras, canard, bloc, 30% de morceaux	489	6.9	2.4	50.1
8325	Foie gras, canard, bloc, 50% de morceaux	479	6.4	2	49.5
8326	Pâté de foie d'oie	459	11.4	4.7	43.8
8328	Foie gras de canard, cru	600	5.9	1.4	63.4
8331	Foie gras, canard, bloc (aliment moyen)	489	6.9	2.4	50.1
8332	Pâté (aliment moyen)	325	13.6	4.6	27.9
8350	Galantine (aliment moyen)	279	15.2	1.6	23.4
8373	Roulade de porc pistachée	258	17.7	0.7	20.2
8380	Oeuf au jambon en gelée	88	11.5	0	4.7
8391	Pâté en croûte	292	11	22.9	17.1
8395	Jambon en croûte	193	14.1	17.8	7
8400	Fromage de tête	173	14.1	0.2	12.9
8406	Museau de porc vinaigrette	185	8.2	1	16.3
8429	Jambon persillé en gelée	152	19	0.5	7.9
8450	Museau de boeuf	151	26.2	0	5.2
8500	Andouille	211	18.4	0.3	15.1
8501	Andouille de Guéméné	234	18	0	18
8504	Andouille, réchauffée à la poêle	271	22.5	0	20
8512	Andouille de Vire	238	19	0	18
8550	Andouillette, à cuire	227	18.8	1	16.3
8551	Andouillette, sautée/poêlée	303	24.5	1	22.3
8552	Andouillette de Troyes, à cuire	254	19.7	0.5	19
8601	Tripes à la mode de Caen	116	20.4	0.3	3.7
8602	Tripes à la mode de Caen, préemballées	112	18.4	0.7	3.6
8612	Tripes à la tomate ou à la provençale	94	15.7	0.6	3.2
8703	Boudin noir, à cuire	313	12.2	4.5	27.1
8704	Boudin noir, sauté/poêlé	246	11.9	3.8	20.3
8705	Boudin, sauté/poêlé (aliment moyen)	246	11.3	4	19.4
8742	Boudin antillais, à cuire	231	11.5	9.2	16.5
8800	Boudin blanc, sauté/poêlé	212	9.9	4.6	17.1
8801	Boudin blanc, à cuire	229	10	0	21
8803	Boudin blanc truffé, à cuire	227	11.3	4.8	17.8
8903	Quenelle de veau, en sauce	165	3.5	15.6	9.5
8910	Quenelle de volaille, crue	187	9.3	14.1	10.1
8912	Quenelle de volaille, en sauce	138	3.6	10.3	8.9
8932	Quenelle de poisson, en sauce	135	3.8	10.5	8.5
8933	Quenelle de poisson, crue	245	8.1	23.6	12.7
8934	Quenelle de poisson, cuite	141	5.7	0	13.1
8937	Quenelle nature, crue	217	7.7	14.8	13.7
9001	Épeautre, cru	344	14.6	59.5	2.4
9003	Blé de Khorasan, cru	342	14.5	59.5	2.1
9011	Blé germé, cru	211	7.5	41.4	1.3
9060	Blé dur entier, cru	343	12.1	62.4	2.2
9080	Blé dur précuit, entier, cru	359	13.7	67.7	1.8
9081	Blé dur précuit, grains entiers, cuit, non salé	149	5.5	27.4	0.9
9082	Blé dur précuit cuisiné, en sachet micro-ondable	188	4.9	29.5	4.8
9083	Blé dur précuit, grains entiers, cuisiné, à poêler	344	11.1	67.2	1.6
9085	Nouilles asiatiques cuites, aromatisées	147	4.8	18.8	4.3
9086	Pâtes ou nouilles asiatiques au blé, cuites, nature, non salées	165	3.5	21.4	6.9
9100	Riz blanc, cru	352	7	78	0.9
9101	Riz blanc étuvé, cru	356	7.1	78.6	1
9102	Riz complet, cru	350	7	71.4	2.8
9103	Riz complet, cuit, non salé	158	3.2	32.6	1
9104	Riz blanc, cuit, non salé	145	2.9	31.8	0.4
9105	Riz blanc étuvé, cuit, non salé	146	3	31.7	0.6
9108	Riz sauvage, cru	344	11.1	69.2	0.9
9109	Riz rouge, cru	352	8	70.6	3
9110	Riz rouge, cuit, non salé	141	3.5	28.2	0.7
9111	Riz sauvage, cuit, non salé	102	3.8	19.7	0.3
9119	Riz thaï ou basmati, cru	353	7.7	77.8	0.8
9120	Riz thaï ou basmati, cuit, non salé	125	2.9	28.3	0
9121	Riz, mélange de variétés (blanc, complet, rouge, sauvage, etc.), cru	355	7.1	78.1	1
9124	Riz thaï, cuit, non salé	143	2.9	30.5	0.7
9125	Riz basmati, cuit, non salé	117	2.7	24.4	0.6
9200	Maïs entier, cru	346	8.1	67.2	3.7
9230	Pop-corn ou Maïs éclaté, à l'huile, salé	485	11	52.6	23.8
9231	Pop-corn ou Maïs éclaté, à l'air, non salé	417	10.2	60	12.3
9232	Pop-corn ou Maïs éclaté, au caramel	418	3	85.4	6.5
9310	Avoine, crue	378	16.9	55.7	6.9
9311	Flocon d'avoine	367	13.3	57.9	6.5
9313	Flocons d'avoine, bouillis/cuits à l'eau	76	2.5	11.9	1.5
9320	Orge entière, crue	334	12.5	56.2	2.3
9321	Orge perlée, crue	346	9.9	68.6	1.2
9322	Orge perlée, bouilli/cuite à l'eau, non salée	119	2.3	24.4	0.4
9330	Mil entier, cru	359	11	64.3	4.2
9331	Mil, cuit, non salé	116	3.5	22.4	1
9340	Quinoa, cru	358	13.2	58.1	6.1
9341	Quinoa, bouilli/cuit à l'eau, non salé	149	4.7	27.9	1.1
9345	Amarante, crue	369	13.5	58.6	7
9360	Sorgho entier, cru	349	10.6	65.4	3.5
9380	Sarrasin entier, cru	356	12.9	64.6	3.6
9390	Seigle entier, cru	334	9.8	61	2
9410	Farine de blé tendre ou froment T110	343	9.6	68.6	1.5
9415	Farine de blé tendre ou froment T150	342	11.4	64.9	1.5
9435	Farine de blé tendre ou froment T65	346	13.6	67.6	1
9436	Farine de blé tendre ou froment T55 (pour pains)	350	9	73.7	1
9437	Farine de blé tendre ou froment avec levure incorporée	350	9.1	74	1
9440	Farine de blé tendre ou froment T45 (pour pâtisserie)	356	9.1	75.9	0.8
9445	Farine de blé tendre ou froment T80	355	10	73.2	1.2
9480	Farine d'épeautre (grand épeautre)	352	11.4	64	3
9510	Amidon de maïs ou fécule de maïs	362	0.4	89.2	0.3
9520	Farine de riz	357	7.6	73.9	2.5
9530	Farine de seigle T170	315	15.9	44.8	2.2
9532	Farine de seigle T85	344	8.1	70.7	1.4
9533	Farine de seigle T130	344	7.2	70.9	1.1
9540	Farine de sarrasin	348	11.5	68.4	2.2
9545	Farine de maïs	361	6.2	78.1	2.1
9550	Farine d'orge	339	9.9	64.5	2.3
9555	Farine de millet	350	10.2	63.2	4.1
9570	Farine de châtaigne	335	5.7	70.4	3.4
9580	Farine de pois chiche	359	22.4	47	6.7
9610	Semoule de blé dur, crue	352	10.9	71.6	1.3
9611	Semoule de blé dur, cuite, non salée	122	3.4	24	0.8
9612	Mélange de céréales et légumineuses, cru	354	13.7	59	4
9614	Polenta ou semoule de maïs, précuite, sèche	350	7.9	74	1.8
9615	Polenta ou semoule de maïs, cuite, non salée	78	1.4	16.9	0
9621	Son de blé	279	15.4	23.6	4.4
9640	Son d'avoine	359	15.8	51	6.5
9641	Son de maïs	226	8.4	6.7	0.9
9643	Son de riz	398	13.9	28.1	20.9
9647	Son (aliment moyen)	344	15.7	46	6.1
9660	Germe de blé	375	27.2	35.1	9.5
9681	Graine de couscous (semoule de blé dur précuite), crue	365	12	72.7	1.5
9683	Graine de couscous (semoule de blé dur précuite), cuite, non salée	157	4.6	31	1
9690	Boulgour de blé, cru	351	11.5	66.8	1.7
9691	Boulgour de blé, cuit, non salé	111	3.7	21.7	0.5
9810	Pâtes sèches standard, crues	336	11.5	65.8	1.8
9811	Pâtes sèches standard, cuites, non salées	126	4	25	0.6
9815	Pâtes fraîches, aux oeufs, crues	283	10.1	53.8	1.9
9816	Pâtes fraîches, aux oeufs, cuites, non salées	168	5.8	32	1.3
9821	Pâtes sèches, aux oeufs, crues	381	14	68	4.7
9822	Pâtes sèches, aux oeufs, cuites, non salées	134	4.6	23	2
9824	Pâtes sèches, sans gluten, cuites, non salées	163	3.1	34.4	1.1
9863	Pâtes ou nouilles asiatiques au blé et aux oeufs, crues, nature	371	11.9	71	3
9870	Pâtes sèches, au blé complet, crues	353	11.8	67.6	2.2
9871	Pâtes sèches, au blé complet, cuites, non salées	128	4.6	23.4	0.9
9874	Pâtes sèches, sans gluten, crues	356	6.2	79	1.2
9875	Pâtes, sans gluten, à base de riz et maïs, cuites à l'eau, non salées	170	3.2	36.6	0.8
9876	Pâtes, sans gluten, à base de lentilles corail, cuites à l'eau, non salées	168	11.7	25.1	0.8
9900	Vermicelle de riz, sèche	365	7.4	80.5	1
9901	Vermicelle de riz, cuite, non salée	89	1.4	20.1	0
9902	Vermicelle de soja, sèche	344	0	84.7	0.1
9903	Vermicelle de soja, cuite, non salée	61	0	14.4	0.1
10000	Bigorneau, cuit	97	16.3	0	3.5
10001	Calmar ou calamar ou encornet, cru	77	14.4	2.2	1.2
10002	Calmar ou Calamar ou encornet, à la romaine (beignet)	252	8.7	21.2	14.4
10003	Coquille Saint-Jacques, noix et corail, crue	83	17	0.8	1.3
10004	Coquille Saint-Jacques, noix et corail, cuite	110	20.2	3.2	1.8
10005	Crabe, miettes et ou pattes décortiquées, appertisé, égoutté	111	14.8	8.7	1.8
10006	Crevette grise, cuite	90	18.3	1.5	1.2
10007	Crevette, cuite	94	19	1.9	1.2
10008	Escargot, cru	78	16.1	1.3	0.9
10009	Homard, bouilli/cuit à l'eau	91	19.6	0.1	1.3
10010	Homard, cru	86	17.9	0.9	1.2
10011	Huître, sans précision, crue	67	8.6	3.9	1.9
10012	Langoustine, panée, frite	282	10.9	29	13.6
10013	Moule, bouillie/cuite à l'eau	108	17.2	5.1	2.1
10014	Moule commune, crue	72	11.2	2.7	1.8
10015	Langouste, crue	87	17.7	1.1	1.3
10016	Seiche, crue	76	16.2	0.5	1.1
10017	Clam, Praire ou Palourde, cru	81	11.5	2.7	2.7
10018	Poulpe, cru	60	12.9	1	0.5
10019	Bulot ou Buccin, cru	131	23.8	7.6	0.6
10020	Bulot ou Buccin, cuit	98	20.7	2.7	0.5
10021	Crevette, crue	99	19.7	3.2	0.8
10022	Langouste, bouillie/cuite à l'eau	106	21.8	1.3	1.5
10023	Beignet de crevette	222	6.5	26	10
10024	Langoustine, crue	90	19.1	1.5	0.8
10025	Crabe ou Tourteau, bouilli/cuit à l'eau	124	19.5	1.8	4.3
10026	Moule de Méditerranée, crue	69	10.7	2.8	1.7
10027	Clam, Praire ou Palourde, bouilli/cuit à l'eau	99	16.2	5.3	1.5
10028	Moule, appertisée, égouttée	102	14.6	5.9	2.2
10030	Écrevisse, crue	68	14.8	0.8	0.6
10031	Écrevisse, cuite	74	16.3	0.6	0.7
10033	Crevette rose bouquet, cuite	103	22.8	0	1.3
10035	Huître creuse, crue	67	8.6	3.9	1.9
10036	Huître plate, crue	54	10.2	1.2	0.9
10037	Calmar ou calamar ou encornet, bouilli/cuit à l'eau	149	32.5	1.6	1.4
10038	Crevette, surgelée, crue	105	23.4	0.7	0.9
10039	Crabe, cru	104	19.5	0	2.9
10041	Ormeau, cru	100	14.4	8.7	0.8
10042	Escargot en sauce au beurre persillé, préemballé, cuit	277	12.9	2.3	23.7
10043	Fruits de mer (aliment moyen)	104	18.9	3.1	1.8
10044	Langoustine, bouillie/cuite à l'eau	92	20.9	0	1
10045	Coquille Saint-Jacques, noix, crue	84	17.9	1.2	0.8
10048	Pecten d'Amérique ou Peigne du canada, noix, crue	81	17.3	1.8	0.5
10049	Pétoncle ou Peigne du Pérou, noix, crue	89	17.5	3.1	0.7
10057	Araignée de mer, cuite	107	18.3	0	3.8
10059	Crevette rose, crue	92	21.9	0	0.5
10061	Crevette pattes blanches, cuite	99	22.6	0	1
10062	Crevette géante tigrée, cuite	102	23.4	0	1
10064	Crevette royale rose, cuite	117	26.6	0	1.2
10079	Poulpe, cuit	156	29.8	4.4	2.1
10080	Fruits de mer, cuits, surgelés	80	13.5	2.8	1.6
10081	Moules à la sauce catalane ou escabèche (tomate), appertisée, égouttée	145	12.5	5	7.9
10082	Moules marinières (oignons et vin blanc)	92	10.3	7.4	2.2
10083	Moules farcies (matière grasse, persillade), préemballées, crues	284	9.6	4.4	24.8
10084	Calmar ou calamar ou encornet, frit ou poêlé avec matière grasse	173	17.9	8.5	7.5
10099	Escargot, sans matière grasse ajoutée, cuit	80	16.6	0.2	1.4
11000	Ail, cru	111	5.3	18.6	0
11001	Bouillon de boeuf, déshydraté	240	10.2	19.7	13.3
11002	Cerfeuil, frais	40	3.7	3.6	0.6
11003	Ciboule ou Ciboulette, fraîche	30	2.6	2.1	0.5
11004	Cornichon, au vinaigre	19	1.1	0.8	0
11005	Curry, poudre	301	14.5	2.6	14
11006	Gingembre, poudre	335	9	58.3	4.2
11007	Gélatine, sèche	348	86.9	0	0.1
11008	Ketchup, préemballé	99	1.3	21.4	0.2
11009	Levure alimentaire	334	40.4	21.8	4.5
11010	Levure de boulanger, compressée	98	8.2	11.9	1.9
11013	Moutarde	152	6.9	4.3	11.2
11014	Persil, frais	43	3.7	3.5	0.6
11015	Poivre noir, poudre	330	13.3	39.5	7.5
11016	Raifort, cru	88	7.5	13	0.7
11017	Sel blanc alimentaire, non iodé, non fluoré (marin, ignigène ou gemme)	0	0	0	0
11018	Vinaigre	23	0	0.6	0.1
11019	Poivre blanc, poudre	310	11.4	48.3	2.1
11021	Moutarde à l'ancienne	142	6.6	2.2	9.9
11023	Ail séché, poudre	344	16.7	62.8	0.8
11024	Persil, séché	291	29	16.8	5.3
11025	Cannelle, poudre	243	3.9	27.5	1.2
11026	Coriandre, graine	346	12.4	13	17.8
11027	Menthe, fraîche	58	3.5	5.3	0.8
11029	Menthe, séchée	283	19.9	22.2	6
11032	Basilic, séché	244	23	10.1	4.1
11033	Basilic, frais	35	3.4	2.6	0.5
11034	Marjolaine, séchée	276	12.7	20.3	7
11035	Origan, séché	265	9	26.4	4.3
11036	Romarin, séché	328	4.9	21.5	15.2
11037	Sauge, séchée	320	10.6	20.4	12.8
11038	Thym, séché	285	9.1	26.9	7.4
11039	Safran	352	11.4	61.5	5.9
11040	Câpres, au vinaigre	30	2.2	3.5	0.9
11042	Cumin, graine	427	17.8	33.7	22.3
11043	Tapenade	223	1.3	2.6	23
11044	Sel au céleri	49	1.8	4.1	2.5
11045	Levure de boulanger, déshydratée	307	44.5	17.9	6.4
11046	Levure chimique ou Poudre à lever	142	2	33.2	0.2
11048	Noix de muscade	507	5.3	28.5	36.3
11049	Paprika	319	14.1	19.1	12.9
11051	Sauce tartare, préemballée	517	1	4.6	55
11052	Clou de girofle	335	6	31.6	13
11053	Laurier, feuille	353	7.6	48.6	8.4
11054	Mayonnaise (70% MG min.), préemballée	693	1.4	2.6	75.2
11055	Oignon au vinaigre	14	0.6	2.5	0.2
11056	Quatre épices	348	6.1	50.5	8.7
11058	Sel blanc alimentaire, iodé, non fluoré (marin, ignigène ou gemme)	0	0	0	0
11060	Herbes de Provence, séchées	283	11.5	23	7.2
11061	Pavot, graine	551	19.7	13.7	43.1
11062	Sarriette, séchée	264	6.7	23	5.9
11064	Carvi, graine	334	19.8	11.9	14.6
11065	Vanille, extrait alcoolique	240	0.1	2.4	0
11066	Fenouil, graine	326	15.7	12.5	14.9
11068	Romarin, frais	121	3.3	6.6	5.9
11069	Sauge, fraîche	37	4	1	0
11070	Thym, frais	107	5.6	10.5	1.7
11073	Ketchup allégé en sucres, préemballé	64	1.2	14.6	0.1
11074	Gingembre, racine crue	33	1.1	3.4	1.1
11075	Cardamome, poudre	321	10.8	40.5	6.7
11077	Fenugrec, graine	350	27.1	33.8	6.4
11079	Mayonnaise à teneur réduite en matière grasse ou Mayonnaise allégée, préemballée	309	0.9	9	29.9
11080	Herbes aromatiques fraîches (aliment moyen)	49	3.6	4.2	0.8
11081	Epice (aliment moyen)	346	12.3	37.7	10.4
11082	Fleur de sel, non iodée, non fluorée	0	0	0	0
11083	Sel marin gris, non iodé, non fluoré	0	0	0	0
11084	Agar (algue), cru	27	0.5	6.3	0
11085	Agar (algue), séché	20	4.4	0	0.3
11086	Spiruline (Spirulina sp.), séchée ou déshydratée	381	57.5	20.3	7.7
11088	Poivre de Cayenne ou piment de Cayenne	376	12	29.4	17.3
11089	Curcuma, poudre	291	9.7	44.4	3.3
11090	Vinaigre de cidre	4	0	0.9	0
11091	Vinaigre balsamique	125	0.7	25.8	0
11092	Estragon, frais	44	3.8	4.1	0
11093	Aneth, frais	48	3.9	3.9	1.1
11094	Coriandre, fraiche	22	2.1	0.9	0.5
11096	Sel blanc alimentaire, iodé, fluoré à 25 mg /100 g (marin, ignigène ou gemme)	0	0	0	0
11097	Cornichon, aigre-doux	36	1.3	5	0.4
11098	Vanille, extrait aqueux	58	0	14.4	0
11100	Sauce barbecue, préemballée	136	0.6	30.3	0.6
11101	Sauce béchamel, préemballée	102	2.6	6.2	7.4
11102	Sauce béarnaise, préemballée	451	0.9	4.5	47.7
11104	Sauce soja, préemballée	46	7.1	3.6	0.1
11105	Sauce hollandaise, préemballée	201	1.2	4.6	19.8
11107	Sauce tomate aux oignons, préemballée	74	1.5	7.7	4.2
11108	Sauce vinaigrette à l'huile d'olive (50 à 75% d'huile), préemballée	495	0.5	4.5	52.8
11109	Sauce vinaigrette allégée en MG (25 à 50% d'huile), préemballée	247	0	2.4	26.4
11110	Sauce vinaigrette (50 à 75% d'huile), préemballée	492	0.5	4.6	52.4
11111	Sauce armoricaine, préemballée	84	2.1	4	6.6
11112	Harissa (sauce condimentaire), préemballée	66	2.7	7.3	2.9
11114	Sauce tomate à la viande ou Sauce bolognaise, préemballée	89	4.2	7.3	4.8
11115	Sauce au poivre vert, préemballée	81	1.3	5.3	6.1
11120	Sauce bourguignonne, préemballée	431	1.3	7.9	43.9
11121	Sauce madère, préemballée	37	0.6	3.6	2.2
11122	Sauce à l'échalote à la crème, préemballée	104	1.7	11.9	5.5
11128	Sauce carbonara, préemballée	155	5.2	4.7	12.8
11129	Sauce chasseur, préemballée	38	1.2	4.7	1.6
11132	Sauce au curry, préemballée	77	1	10.6	3.2
11140	Sauce au beurre blanc, préemballée	211	1.1	3.4	21.4
11143	Sauce béchamel, maison	147	3.8	9	10.6
11157	Sauce moutarde, préemballée	225	1.7	3.3	22.8
11158	Sauce au beurre, préemballée	191	2.2	5.2	17.9
11159	Sauce à la crème	78	1.1	5.9	5.6
11160	Sauce aux champignons, préemballée	94	3.2	6.3	6.3
11161	Sauce à la crème aux épices	81	1.2	6.2	5.8
11162	Sauce à la crème aux herbes	76	1.1	5.5	5.5
11163	Sauce aigre douce, préemballée	84	0.6	20.1	0.2
11164	Sauce au vin rouge	51	0.8	7	2.2
11166	Sauce au yaourt	97	3.6	5	6.9
11167	Sauce américaine, préemballée	420	1.4	9.5	41.8
11168	Sauce aïoli, préemballée	392	1.1	4.7	41
11169	Fond de veau pour sauces et cuisson, déshydraté	343	8.5	59.5	7.4
11170	Sauce basquaise ou Sauce aux poivrons, préemballée	63	1.2	7.4	2.7
11171	Fond de volaille pour sauces et cuisson, déshydraté	341	7.4	66.3	4.9
11172	Court-bouillon pour poissons, déshydraté	260	5	7	23
11174	Bouillon de volaille, déshydraté	233	11.3	20.8	11.5
11175	Gelée au madère, déshydratée	248	44.5	17	0.2
11176	Gelée au madère	11	2	0.8	0
11177	Sauce tomate aux champignons, préemballée	62	1.8	7.8	2.7
11178	Sauce tomate aux olives, préemballée	102	1.4	7.5	7.3
11179	Sauce pesto, préemballée	370	3.9	6.6	35.4
11182	Sauce au poivre, chaude, préemballée	156	1	4.8	14.8
11184	Sauce (aliment moyen)	261	1.3	6	25.7
11187	Sauce crudités ou Sauce salade, préemballée	303	0.9	5.3	30.9
11189	Sauce au fromage pour risotto ou pâtes, préemballée	115	3.1	4.2	9.5
11191	Sauce au roquefort, préemballée	127	2.9	4.4	10.9
11192	Sauce aux champignons et à la crème, préemballée	75	1.4	6.2	5
11194	Sauce Nuoc Mâm ou Sauce au poisson, préemballée	81	9.3	10.9	0
11196	Sauce burger, préemballée	362	1.1	13.3	33.8
11198	Sauce crudités ou Sauce salade, allégée en matière grasse, préemballée	161	0.8	7.3	14.3
11199	Sauce grand veneur, préemballée	103	1.5	8.5	7
11202	Sauce indienne type tandoori ou tikka masala, préemballée	83	2.6	14.3	1.7
11203	Sauce kebab, préemballée	289	1.1	9.2	27.6
11205	Sauce rouille, préemballée	381	1.1	1	41.4
11207	Sauce tomate aux petits légumes, préemballée	63	1.5	7.6	2.9
11208	Sauce tomate au fromage, préemballée	176	3.9	8.1	14.2
11210	Sauce pesto rosso, préemballée	297	4.8	8.6	27
11212	Sauce au poivre, condimentaire, froide, préemballée	470	0.7	5.8	49.3
11213	Sauce froide (aliment moyen)	311	0.9	5.7	31.6
11214	Préparation culinaire à base de soja, type "crème de soja"	153	3.3	2	14.7
11215	Caviar de tomates	218	2.2	6.8	19.2
11216	Sauce soja sucrée, préemballée	12	2.9	0	0
11217	Sauce pour nems à base de nuoc-mam dilué, préemballée	135	1.4	31.2	0
11218	Sauce chaude (aliment moyen)	106	2.7	7	7.5
11219	Sauce végétale type bolognaise, préemballée	68	3.6	5.1	3
11220	Vinaigre de vin rouge	22	0	0	0
11300	Sauce au chocolat, préemballée	277	3.8	26.2	16.8
11301	Sauce teriyaki, préemballée	89	3.8	16	1.1
11302	Sauce à l'oseille, préemballée	147	1.3	1.7	15
11304	Fond de veau, préemballé	41	3.2	2.4	2.1
11306	Ail, rôti/cuit au four	127	5.6	23.8	0
11307	Ail, sauté/poêlé, sans matière grasse	130	6	22	0.4
11506	Édulcorant à l'aspartame, en pastilles	216	6.4	69.3	0
11507	Bicarbonate de soude	0	0.1	0	0
11509	Édulcorant à l'aspartame, en poudre	381	0.6	94.7	0
11510	Vermicelles multicolores	419	0.5	93	5
12001	Camembert, sans précision	280	19.5	0	22.5
12003	Fromage à pâte molle et croûte fleurie (type camembert)	359	17.5	0	32.3
12006	Camembert au lait cru	267	20.7	0	20.3
12008	Fromage à pâte molle et croûte fleurie double crème environ 30% MG	333	17.5	0	29.4
12009	Fromage rond à pâte molle et croûte fleurie 5 à 11% MG type camembert allégé en matière grasse	173	22.6	0	9.3
12010	Coulommiers	279	18.8	0	22.8
12012	Fromage rond à pâte molle et croûte fleurie environ 11% MG type coulommiers allégé en matière grasse	187	22.5	0	11
12013	Fromage rond à pâte molle et croûte fleurie environ 5% MG type camembert allégé en matière grasse	150	25.7	0	5.5
12020	Brie, sans précision	297	17.3	0	25.5
12021	Brie de Meaux	271	21.4	0	20.7
12022	Brie de Melun	288	22	0	22.2
12025	Carré de l'Est	327	21.4	0	27
12028	Chaource	276	17.3	0	22.9
12029	Maroilles laitier	338	22.3	0	27.8
12030	Maroilles fermier	349	21.2	0	29.5
12031	Neufchâtel	287	18.5	0	23.9
12033	Fromage à pâte molle triple crème environ 40% MG	376	9.9	0	37.5
12034	Fromage à pâte molle et croûte lavée (aliment moyen)	320	20.6	0	26.5
12035	Fromage à pâte molle et croûte lavée, allégé environ 13% MG	198	21.6	0	12.6
12036	Maroilles, sans précision	325	21.9	0	26.4
12037	Livarot	301	24.6	0	22.6
12038	Époisses	290	17.8	0	24.5
12039	Munster	344	21.2	0	29
12040	Langres	281	16.7	0	23.8
12042	Pont l'Évêque	326	22.7	0	26.2
12045	Reblochon	326	20.4	0	27.4
12047	Fromage à pâte molle à croûte lavée, au lait pasteurisé (type Vieux Pané)	311	20.3	0	25.7
12049	Saint-Marcellin	280	15.1	0	24.3
12050	Fromage à pâte molle et croûte mixte (lavée et fleurie) colorée	332	18.2	0	29
12051	Mont d'or ou Vacherin du Haut-Doubs (produit en France) ou Vacherin-Mont d'Or (produit en Suisse)	302	18.9	0	25.4
12052	Saint-Félicien	281	13.4	0	25.2
12060	Fromage type feta, au lait de vache	270	16.4	1.4	21.7
12061	Fromage 100% brebis (Feta AOP ou type Feta)	274	14.8	2.5	22.8
12063	Fromage type feta, au lait de vache, à l'huile et aux aromates	283	17.6	0.2	23.4
12064	Boulette d'Avesne	355	20.9	0	30
12066	Feta AOP	285	15.1	0.7	24.3
12100	Fromage à pâte pressée cuite (aliment moyen)	390	28	0	30.8
12105	Beaufort	410	26.5	0	34
12110	Comté	418	27.2	0	34.6
12112	Abondance	393	27.1	0	31.6
12113	Gruyère IGP France	396	27.3	0	32
12114	Gruyère	423	28.4	0	34.6
12115	Emmental ou emmenthal	373	27.9	0	28.8
12116	Fromage à pate pressée cuite type emmental ou emmenthal, allégé en matière grasse	282	30.6	0	18
12118	Emmental ou emmenthal râpé	367	28.1	0	28.6
12119	Ossau-Iraty	428	24.2	0	37
12120	Parmesan	406	31.1	0	31
12121	Fontina	381	25.6	0	31.1
12122	Pecorino	259	0	0	28.8
12123	Grana Padano	396	34.1	0	29.2
12300	Fromage fondu en tranchettes	246	14.1	5.3	18.5
12305	Fromage fondu en portions ou en cubes environ 8% MG	113	11.5	0	7.5
12310	Fromage fondu en portions ou en cubes environ 20% MG	242	10.7	6.4	19.3
12315	Spécialité fromagère non affinée environ 25% MG, type fromage en barquette à tartiner ou coque fromagère	255	5.4	4.2	23.9
12320	Fromage fondu double crème, environ 31% MG	311	9.1	1.8	29.6
12325	Cancoillotte (spécialité fromagère fondue)	151	13.8	0.5	10.5
12340	Spécialité fromagère non affinée environ 20% MG, type fromage en barquette à tartiner ou coque fromagère	227	7.7	1.4	21.2
12355	Spécialité fromagère fondante au fromage blanc et aux noix	344	10.7	4.2	31.6
12356	Snack pour enfants à base de fromage fondu et de gressins	310	10.8	24.1	18.9
12500	Roquefort	384	19.5	0	33.9
12519	Fourme de Montbrison	365	22.5	0	30.8
12520	Fromage bleu au lait de vache	333	19.9	0	28.3
12521	Fromage bleu d'Auvergne	343	22.4	0	28.4
12522	Fourme d'Ambert	326	19.9	0	27.6
12523	Fromage bleu des Causses	350	20.4	0	30
12524	Gorgonzola	312	19	0	26.4
12526	Bleu de Gex ou Fromage bleu du Haut-jura ou Bleu de septmoncel (AOC)	364	22.5	0	30.7
12527	Fromage bleu de Bresse	342	17.4	0	30.5
12528	Fromage bleu de Bresse allegé environ 15% MG	246	27.1	0	15.5
12705	Fromage à pâte ferme environ 14% MG type Masdaam à teneur réduite en MG	238	29	0	13.8
12716	Provolone	340	25.6	0	26.6
12720	Fromage à pâte ferme, enrobé de cire	303	21.7	0	23.7
12722	Cantal entre-deux	383	26.6	0	30.5
12723	Cantal, Salers ou Laguiole	378	25.3	0	31
12725	Salers	388	25.9	0	31.4
12726	Cheddar	399	24	0	33.8
12729	Edam	329	25.5	0	25.5
12735	Mimolette jeune	331	28.9	0	24.2
12736	Gouda	374	23.2	0	31.5
12737	Mimolette demi-vieille	365	31.5	0	26.9
12738	Mimolette vieille	397	34	0	28.8
12740	Mimolette, sans précision	308	24.9	0	23.4
12741	Fromage à pâte ferme environ 27% MG type Maasdam	359	25.5	0	28.4
12742	Mimolette extra-vieille	387	33.9	0	28.2
12743	Morbier	355	22.8	0	29.2
12747	Fromage de brebis des Pyrénées	397	24.1	0	33.6
12748	Saint-Nectaire, laitier	332	22.8	0	27
12749	Raclette (fromage)	342	23.4	0	27.5
12751	Saint-Nectaire, fermier	355	22.3	0	29.8
12752	Saint-Nectaire, sans précision	344	22.5	0	28.4
12755	Saint-Paulin (fromage à pâte pressée non cuite demi-ferme)	327	22.3	0	26.4
12758	Tomme ou tome de vache	350	21.6	0	29.4
12759	Tomme ou tome de montagne ou de Savoie	364	25.6	0	29.1
12760	Tomme ou tome, allégée en matière grasse, environ 13% MG	231	31	0	12.1
12761	Asiago	356	32.1	0	25.6
12762	Fromage de brebis Corse à pâte molle	457	28.5	0	38.4
12763	Tome des Bauges	381	26.6	0	30.8
12800	Fromage de chèvre frais, au lait pasteurisé (type bûchette fraîche)	253	16.1	2.1	20
12801	Fromage de chèvre lactique affiné, au lait cru (type Crottin de Chavignol, Picodon, Rocamadour, Sainte-Maure de Touraine)	324	20.7	0	27
12802	Fromage de chèvre lactique affiné, au lait pasteurisé (type bûchette ou crottin)	300	19.8	0	24.7
12803	Fromage de chèvre lactique affiné (type bûchette, crottin, Sainte-Maure)	315	20.4	0	26.2
12804	Fromage de chèvre frais, au lait cru (type palet ou crottin frais)	213	13.1	2	16.9
12805	Fromage de chèvre frais, au lait pasteurisé ou cru (type crottin frais ou bûchette fraîche)	232	14.6	2.1	18.4
12807	Sainte-Maure de Touraine (fromage de chèvre)	294	19.6	0	24.2
12810	Fromage de chèvre demi-sec	353	21.6	0	29.8
12812	Fromage de chèvre bûche	285	18.8	0	23.3
12813	Fromage de chèvre bûche, allégé en matière grasse	179	22.6	0	10
12814	Fromage de chèvre à pâte molle non pressée non cuite croûte naturelle, au lait pasteurisé	279	19.3	0	22.6
12815	Fromage de chèvre sec	440	30.5	0	35.6
12819	Fromage de chèvre à tartiner, nature	163	10.8	2.4	12.2
12820	Fromage de chèvre à pâte molle et croûte fleurie type camembert	292	19.9	0	23.8
12824	Fromage de brebis à pâte molle et croûte fleurie	276	16.8	0	23.3
12827	Fromage de brebis à pâte pressée	384	23.9	0	32.3
12828	Fromage de lactosérum de brebis	190	10.1	4.3	14.8
12830	Chabichou (fromage de chèvre)	294	20.5	0	23.8
12831	Pélardon (fromage de chèvre)	343	23.8	0	27.8
12832	Crottin de chèvre, au lait cru	384	23.2	0	32.6
12833	Crottin de chèvre, sans précision	340	22.4	0	28
12834	Crottin de Chavignol (fromage de chèvre)	296	19.7	0	24.4
12836	Picodon (fromage de chèvre)	315	20.7	0	26
12839	Pouligny Saint-Pierre (fromage de chèvre)	294	18.9	0	24.5
12842	Sainte-Maure (fromage de chèvre)	357	22.1	0	30
12845	Selles-sur-Cher (fromage de chèvre)	291	19.2	0	23.9
12846	Chevrot (fromage de chèvre)	277	18.5	0	22.8
12847	Rocamadour (fromage de chèvre)	274	17.9	0	22.6
12848	Valençay (fromage de chèvre)	306	19.3	0	25.5
12999	Fromage (aliment moyen)	338	21.8	0.6	27.4
13000	Abricot, dénoyauté, cru	46	0.8	9	0
13001	Abricot, dénoyauté, sec	239	2.9	59.1	0.5
13002	Ananas, pulpe, cru	54	0	11.7	0
13004	Avocat, pulpe, cru	205	1.6	0.8	20.6
13005	Banane, pulpe, crue	91	1.1	19.7	0
13007	Cassis, cru	52	1.3	9.7	0.9
13008	Cerise, dénoyautée, crue	56	0.8	13	0
13009	Citron, pulpe, cru	28	0	1.6	0
13010	Coing, cru	57	0.5	13.4	0.1
13011	Datte, pulpe et peau, sèche	268	1.8	64.7	0.3
13012	Figue, crue	69	1.2	13.5	0
13013	Figue, sèche	237	3	54.3	0.9
13014	Fraise, crue	39	0.6	6	0
13015	Framboise, crue	49	1.2	5.8	0.8
13016	Fruit de la passion ou maracudja, pulpe et pépins, cru	101	2.1	10.9	3
13018	Grenade, pulpe et pépins, crue	81	1.4	14.3	1.2
13019	Groseille, crue	69	1.6	7.1	0.7
13020	Groseille à maquereau, crue	28	0.8	4.9	0.6
13021	Kiwi, pulpe et graines, cru	61	0.9	11	0.6
13023	Litchi, pulpe, cru	81	1.1	16.1	0
13024	Clémentine ou Mandarine, pulpe, crue	47	0.8	9.2	0
13025	Mangue, pulpe, crue	74	0.6	14.3	0
13026	Melon cantaloup (par ex.: Charentais, de Cavaillon) pulpe, cru	63	1.1	14.8	0
13027	Mirabelle, crue	77	0.6	18	0
13028	Myrtille, crue	58	0.9	10.6	0.3
13029	Mûre (de ronce), crue	47	1.1	6.5	0.7
13030	Nectarine ou brugnon, pulpe et peau, crue	43	1.2	8.9	0.3
13032	Olive noire, en saumure, égouttée	160	1.4	0	17.2
13033	Olive verte, en saumure, égouttée	155	1.3	0	15.7
13034	Orange, pulpe, crue	46	0.8	8	0
13035	Papaye, pulpe, crue	42	0.8	8.5	0
13036	Pastèque, pulpe, crue	39	0.7	8.3	0
13037	Poire, pulpe et peau, crue	48	0.5	10.9	0.3
13038	Compote de pomme	102	0.2	24.4	0.2
13039	Pomme, pulpe et peau, crue	50	0.3	11.6	0.3
13040	Pomelo (dit Pamplemousse), pulpe, cru	40	0	8	0
13041	Prune Reine-Claude, crue	71	0.9	16.4	0
13042	Pruneau, sec	229	1.6	55.4	0.4
13043	Pêche, pulpe et peau, crue	43	1.1	9	0.3
13044	Raisin blanc, à gros grain (type Italia ou Dattier), cru	73	0.8	16.6	0
13045	Raisin noir, cru	69	0.6	15.6	0.4
13046	Raisin, sec	321	3	73.2	0.9
13047	Rhubarbe, tige, crue	11	0.8	1.5	0.2
13048	Rhubarbe, tige, cuite, sucrée	119	0.4	29.2	0.1
13050	Pomme, pulpe, crue	45	0.3	10.7	0.1
13051	Mélange apéritif de fruits exotiques, sec	389	2.2	69.5	10.5
13054	Carambole, pulpe, crue	23	1.2	3.9	0.3
13056	Anone ou chérimole, pulpe, crue	74	1.7	15.4	0.6
13061	Feijoa, pulpe, crue	39	0.7	8.2	0.4
13063	Figue de Barbarie, pulpe et graines, crue	28	0.4	6	0.3
13066	Kaki, pulpe, cru	69	0.9	14.3	0
13067	Citron vert ou Lime, pulpe, cru	40	1.1	3.1	0
13071	Mûre noire (du mûrier), crue	42	1.4	8.1	0.4
13077	Ramboutan, pulpe, crue	84	0.7	20	0.2
13080	Tamarin, fruit mûr, pulpe, cru	246	2.7	57.4	0.6
13083	Goyave, pulpe, crue	49	1.6	9	0.7
13085	Pomme Canada, pulpe, crue	49	0.4	11.6	0.1
13086	Pomme Golden, pulpe, crue	55	0	11.7	0
13089	Banane, pulpe, sèche	345	3.9	78.4	1.8
13100	Prune, crue	45	0.7	9.9	0.3
13101	Raisin Chasselas, cru	79	0.8	16.9	0.5
13107	Poire, pulpe, crue	44	0.3	10.4	0.1
13108	Compote, tout type de fruits	102	0	23.9	0.1
13109	Compote, tout type de fruits, allégée en sucres	66	0	15.3	0.1
13110	Griotte, crue	49	1.1	10.5	0.3
13111	Pomme, sèche	235	0.8	57.2	0.3
13112	Raisin, cru	67	0.7	15.7	0.2
13113	Canneberge ou cranberry, crue	35	0.8	7.6	0.1
13118	Pêche, sèche	305	5	68.9	1
13121	Pomme Granny Smith, pulpe, crue	54	0	11.4	0
13122	Pomme Granny Smith, pulpe et peau, crue	52	0	10.7	0
13125	Citron, zeste, cru	30	1.4	5.4	0.3
13126	Sureau, baie, crue	53	0.6	11.4	0.5
13128	Chayote ou christophine ou chouchou, crue	15	0.7	2.8	0.1
13129	Compote, tout type de fruits, allégée en sucres, rayon frais	65	0.3	14.9	0.5
13131	Olive noire, à l'huile (à la grecque)	332	2.2	0	33.3
13132	Myrtille, surgelée, crue	42	0.7	8.9	0.4
13134	Salade de fruits, crue	49	0.5	11.4	0.2
13136	Framboise, surgelée, crue	38	1.2	6.4	0.8
13147	Olives vertes, fourrées ou farcies (anchois, poivrons, etc.)	148	2.1	0.6	15.2
13148	Nectarine ou brugnon, jaune, pulpe et peau, crue	51	0.7	11.3	0
13149	Nectarine ou brugnon, blanche, pulpe et peau, crue	52	0.8	11.4	0
13150	Mûre (de ronce), surgelée, crue	51	1.2	10.7	0.4
13151	Compote de pomme, allégée en sucres	65	0	15.1	0.1
13153	Purée de fruits, tout type de fruits, type "compote sans sucres ajoutés"	59	0	13.4	0
13154	Spécialité de fruits divers, sucrée (mélange pulpes et/ou purées de fruits, mais toujours avec autre ingrédient)	74	0.4	16.9	0.6
13157	Petit pot fruit avec banane pour bébé	52	0.6	12.4	0
13158	Petit pot fruit sans banane pour bébé	49	0.3	11.9	0
13159	Boisson aux fruits pour bébé dès 4/6mois	38	0	9.5	0
13160	Boisson à base de plantes pour bébé	23	0	5.8	0
13161	Boisson infantile céréales lactées aux légumes pour dîner dès 4/6 mois	82	2.1	11.6	2.8
13162	Boisson infantile céréales lactées aux fruits pour le goûter dès 4/6 mois	68	1.8	7.7	3
13163	Boisson infantile céréales lactées pour le petit déjeuner dès 4/6 mois	84	2	12.1	2.7
13164	Dessert lacté infantile type crème dessert	90	3.3	11.3	3.1
13165	Dessert lacté infantile au riz ou à la semoule	94	3.5	11.7	3.3
13166	Dessert lacté infantile nature sucré ou aux fruits	100	3.2	12.5	3.5
13167	Céréales instantanées, poudre à reconstituer, dès 4/6 mois	393	5.1	88.3	1.7
13168	Céréales instantanées, poudre à reconstituer, dès 6 mois	391	10	81.1	2
13169	Boisson infantile céréales lactées pour le petit déjeuner dès 8/9 mois	84	2.4	11.6	2.8
13170	Boisson infantile céréales lactées pour le petit déjeuner dès 12 mois	86	2.2	12.6	2.8
13171	Boisson infantile lactées aux fruits pour le goûter dès 4/6 mois (sans céréales)	76	1.9	10.4	2.6
13172	Boisson infantile céréales lactées aux légumes pour diner dès 12 mois	175	0	23.6	8.9
13173	Boisson infantile céréales lactées pour le petit déjeuner	86	1.9	12.7	2.9
13175	Pomme, pulpe, rôtie/cuite au four	84	0	21	0
13176	Pomme, pulpe, bouillie/cuite à l'eau	49	0.3	11.2	0.4
13177	Chayote ou christophine ou chouchou, bouillie/cuite à l'eau	16	0.6	2.3	0.5
13178	Canneberge ou cranberry, séchée, sucrée	333	0	76.4	1
13179	Pomelo (dit Pamplemousse) jaune, pulpe, cru	33	0.7	7.3	0.1
13180	Pomelo (dit Pamplemousse) rose, pulpe, cru	29	0.8	6.2	0.1
13182	Boisson infantile céréales lactées (aliment moyen)	86	2.2	12.6	2.8
13184	Olive (aliment moyen)	162	1.4	0	16.5
13185	Compote ou assimilé, tout type de fruits, teneur en sucre (allégée en sucres ou non, sans sucres ajoutés...) inconnue (aliment moyen)	80	0.3	18.6	0.2
13186	Olive noire (aliment moyen)	182	1.5	0.1	19.5
13187	Purée de pommes, type "compote sans sucres ajoutés"	56	1.1	11.7	0
13188	Poire Conférence, pulpe, crue	53	0	11.4	0
13189	Poire Williams, pulpe, crue	54	0	11.5	0
13190	Pomme Chantecler, pulpe, crue	52	0	11.2	0
13191	Pomme Gala, pulpe, crue	55	0	11.9	0
13192	Pomme Pink lady, pulpe, crue	60	0	12.8	0
13193	Pêche blanche, pulpe et peau, crue	47	0.7	9.5	0
13194	Pêche blanche, pulpe, crue	46	0.6	9.6	0
13195	Pêche jaune, pulpe, crue	46	0.7	9.8	0
13200	Mangue José, pulpe, crue, prélevée à La Réunion (Mangifera indica L.)	89	0.8	19.3	0.5
13201	Ananas Victoria ou ananas Queen Victoria, pulpe crue, prélevé à La Réunion Ananas comosus (L.) merr var. Queen)	72	0.9	15.1	0
13202	Papaye Colombo (fruit mûr), pulpe sans pépin, crue, prélevée à La Réunion (Carica papaya L.)	40	0.6	7.9	0
13400	Abricot pays, pulpe, au sirop, appertisé, non égoutté, prélevé à la Martinique	55	0.3	13.3	0.1
13401	Abricot pays, pulpe, cru, prélevé à la Martinique	46	0.5	10.8	0.1
13402	Ananas, pulpe, cru , prélevé à la Martinique	2	0.6	0	0
13403	Caïmite, pulpe, cru, prélevé à la Martinique	27	0.3	0	2.9
13404	Cerise acérola, pulpe, crue, prélevée à la Martinique	3	0.6	0	0.1
13405	Chadèque, pulpe, cru, prélevé à la Martinique	5	0.5	0	0.3
13406	Chips d'abricot pays, pulpe, prélevé à la Martinique	447	1	68.7	18.7
13407	Goyave, pulpe, purée, prélevée à la Martinique	3	0.8	0	0
13408	Jus de carambole, prélevé à la Martinique, jus filtré	19	4.5	0	0.2
13409	Jus de carambole, prélevée à la Martinique, jus non filtré	1	0.1	0	0
13410	Jus de citron punch (variété petit calibre), pur jus, prélevé à la Martinique	3	0.5	0	0.1
13411	Jus de citron vert (variété gros calibre), pur jus, prélevé à la Martinique	7	0.7	0	0.5
13412	Jus de corossol, prélevé à la Martinique	6	0.7	0	0.4
13413	Jus de fruit de la passion ou maracudja, prélevé à la Martinique, pur jus	8	1.1	0	0.4
13414	Jus de grenade, prélevée à la Martinique	3	0.7	0	0
13415	Jus de lime, pur jus, prélevé à la Martinique	7	0.4	0	0.6
13417	Jus de mandarine commune, pur jus filtré, prélevée à la Martinique	42	0.6	8.6	0.6
13418	Jus de mandarine macaque, pur jus filtré, prélevée à la Martinique	46	0.6	10.8	0
13419	Jus de moubin, pur jus, prélevé à la Martinique	5	0.9	0	0.2
13420	Jus de pamplemousse (variété locale), pur jus, prélevé à la Martinique	3	0.4	0	0.2
13421	Jus de prune de cythère verte "géante" (variété locale), fruit mûr, pur jus filtré, prélevée à la Martinique	31	0.3	7.1	0.2
13422	Jus de prune de cythère verte "géante" (variété locale), fruit vert, pur jus filtré, prélevée à la Martinique	30	0.4	6.6	0.3
13423	Jus de prune de cythère verte "naine" (variété hybride), fruit mûr, pur jus filtré, prélevée à la Martinique	45	0.7	10	0.2
13424	Jus de prune de cythère verte "naine" (variété hybride), fruit vert, pur jus filtré, prélevée à la Martinique	30	0.7	6.3	0.3
13426	Mango bassignac, pulpe, cru, prélevé à la Martinique	75	0.3	18.5	0
13427	Mango moussache, pulpe, cru, prélevé à la Martinique	89	1.3	20.9	0
13428	Mangue julie, pulpe, crue, prélevée à la Martinique	76	0.7	18.3	0
13429	Mangue verte, pulpe, crue, prélevée à la Martinique	54	1.3	12.2	0
13430	Melon, pulpe, cru, prélevé à la Martinique	5	1.1	0	0
13431	Orange (variété locale), pulpe, prélevée à la Martinique	8	0.6	0	0.7
13432	Orange amère, pulpe, crue, prélevée à la Martinique	7	0.7	0	0.4
13433	Pastèque, pulpe, crue, prélevée à la Martinique	5	0.8	0	0.3
13434	Pomme cajou, pulpe, crue, prélevée à la Martinique	4	0.8	0	0.1
13435	Pomme cannelle, pulpe, crue, prélevée à la Martinique	11	1.5	0	0.6
13436	Pomme d'eau ou pomme malaca, pulpe, crue, prélevée à la Martinique	2	0.4	0	0
13437	Pomme liane, pulpe, crue, prélevée à la Martinique	6	0.9	0	0.2
13438	Prune de cythère, mûre, fruit entier, crue, prélevée à la Martinique	2	0.5	0	0
13439	Prune de cythère, verte ou immature, fruit entier, crue, prélevée à la Martinique	3	0.6	0	0.1
13440	Jacques, pulpe, cru, prélevé à la Martinique	10	2	0	0.2
13529	Dourian, pulpe, cru	147	1.5	23.3	5.3
13549	Kumquat, sans pépin, cru	55	1.6	9.6	1.2
13552	Longan, pulpe, cru	62	1.3	14	0.1
13614	Pamplemousse chinois, pulpe, cru	38	0.8	8.6	0
13620	Pomme Golden, pulpe et peau, crue	57	0	12.8	0
13621	Raisin noir Muscat, cru	90	0.7	20	0
13623	Abricot, dénoyauté, sec, moelleux (réhydraté à 35-45%)	200	2.3	51.1	0.4
13704	Abricot au sirop (sans précision sur léger ou classique), appertisé, égoutté (aliment moyen)	69	0.5	16.2	0.3
13705	Macédoine ou cocktail ou salade de fruits, au sirop (sans précision sur léger ou classique), appertisé, égouttée (aliment moyen)	68	0.3	16.2	0.3
13706	Macédoine ou cocktail ou salade de fruits, au sirop, appertisé, égoutté	70	0	17.4	0
13707	Macédoine ou cocktail ou salade de fruits, au sirop, appertisé, non égoutté	73	0	18.3	0
13708	Macédoine ou cocktail ou salade de fruits, au sirop léger, appertisé, égoutté	58	0	14.4	0
13709	Macédoine ou cocktail ou salade de fruits, au sirop léger, appertisé, non égoutté	59	0	14.5	0.1
13712	Abricot au sirop léger, appertisé, égoutté	59	0.9	13.7	0
13713	Abricot au sirop léger, appertisé, non égoutté	60	0.8	14	0
13714	Abricot au sirop, appertisé, égoutté	67	0.5	16.2	0
13715	Abricot au sirop, appertisé, non égoutté	68	0.3	16.6	0
13716	Ananas au jus d'ananas, égoutté, appertisé	54	0	13.6	0
13717	Ananas au jus d'ananas, appertisé, non égoutté	54	0	13.6	0
13718	Ananas au sirop léger, appertisé, égoutté	64	0	15.9	0
13719	Ananas au sirop léger, appertisé, non égoutté	65	0	16	0.1
13730	Pêche au sirop léger, appertisée, égouttée	57	0.5	13.8	0
13731	Pêche au sirop léger, appertisée, non égouttée	58	0.3	14.1	0
13734	Poire au sirop léger, appertisée, égouttée	65	0	13.9	0.4
13735	Poire au sirop léger, appertisée, non égouttée	60	0.3	14.5	0.1
13742	Melon miel ou melon honeydew, pulpe, cru	21	0.6	4.3	0.2
13997	Fruits rouges, crus (framboises, fraises, groseilles, cassis)	39	1.1	7.9	0.3
13998	Coulis de fruits rouges (framboises, fraises, groseilles, cassis)	108	0.8	25.1	0.5
13999	Fruit cru (aliment moyen)	60	0.7	11.6	0.3
14000	Chevreuil, rôti/cuit au four	150	30.2	0	3.2
14002	Sanglier, cru	147	20.7	0	7.1
14003	Sanglier, rôti/cuit au four	153	28.3	0	4.4
14004	Lièvre, viande crue	111	21.6	0	2.7
14005	Chevreuil, cru	110	23	0	2
14006	Cerf, cru	113	23.7	0	2
14007	Cerf, rôti/cuit au four	150	30.2	0	3.2
14008	Gibier à poil, cuit (aliment moyen)	152	29.6	0	3.7
15000	Amande (avec peau)	575	18.8	9.5	51.3
15001	Cacahuète ou Arachide	592	22.8	14.8	49.1
15002	Cacahuète, grillée, salée	602	22.9	15	50
15004	Noisette	598	14.4	7.2	56.9
15005	Noix, séchée, cerneaux	686	13.3	6.9	67.3
15006	Noix de coco, amande mûre, fraîche	340	3.3	6.2	33.5
15007	Noix de coco, amande, sèche	657	6.6	8.6	66.3
15008	Noix du Brésil	679	14.8	6.2	66.1
15009	Pistache, grillée, salée	585	18.9	15.9	49.5
15010	Sésame, graine	557	17.6	9.9	49.7
15011	Tournesol, graine	625	21.3	10.1	55.5
15013	Crème de marrons	231	1.3	55	0.7
15014	Noix de coco, amande immature, fraîche	340	3.3	6.2	33.5
15016	Crème de marrons vanillée, appertisée	249	1	59.8	0.7
15018	Mélange apéritif de graines salées et raisins secs	560	16.6	27.1	39.6
15019	Noix de cajou, grillée, salée	613	15.2	26.7	49.5
15020	Châtaigne, bouillie/cuite à l'eau	112	2	23	1.4
15021	Châtaigne, grillée	224	3.2	47.9	2.2
15023	Noix, fraîche	370	11	9.9	31.8
15024	Châtaigne, crue	173	1.8	36.5	2.2
15025	Pignon de pin	665	13.7	6.3	65
15026	Noix de pécan	713	9.6	5.4	72.6
15027	Noix de macadamia	735	7.9	5.2	75.8
15028	Cucurbitacées, graine	582	30.2	4.7	49.1
15029	Luzerne, graine germée	23	3.3	0.9	0.7
15032	Luzerne, graine	389	29.7	39.3	12.6
15033	Noisette grillée	672	14.4	5.2	66
15034	Lin, graine	437	20.2	6.6	36.6
15035	Sésame, graine décortiquée	607	21.1	4.5	56.1
15037	Cacahuète, grillée à sec, salée	589	21.6	18.2	47.7
15038	Sésame, grillé, graine décortiquée	537	17	9.1	48
15039	Châtaigne ou Marron, appertisé	136	2	28.8	1.4
15041	Amande, mondée, émondée ou blanchie	593	21.4	8.8	52.5
15042	Amande, grillée, salée	604	21.1	8.7	53.9
15043	Noix de macadamia, grillée, salée	700	7	10	70.2
15044	Pistache, grillée	575	18.4	18.6	47.4
15045	Tournesol, graine, grillé, salé	586	19.3	15.1	49.8
15046	Noix de pécan, salées	718	10.2	5	73
15047	Chia, graine, séchée	373	16.5	7.7	30.7
15048	Mélange apéritif de graines (non salées) et fruits séchés	399	8.3	32.2	26.3
15049	Mélange apéritif de graines (non salées) et raisins secs	541	12.5	31.8	37.2
15050	Noisette grillée, salée	635	13.4	7.7	61.2
15052	Lin, brun, graine	466	18	3.6	42.2
15053	Cacahuète, grillée, sans sel ajouté	606	23.4	11.3	51.9
15054	Noix de cajou, grillée, non salée	618	17.4	21.3	48.1
15055	Noix de cajou, grillée à sec, non salée	630	17.4	23.5	49
15201	Pâte d'amande, préemballée	432	5.8	70.3	13.5
15202	Beurre de cacahuète ou Pâte d'arachide	626	22.2	16.1	52.5
15203	Tahin ou Purée de sésame	607	17.7	13.8	53.4
16030	Huile ou beurre de cacao	900	0	0	100
16040	Huile ou graisse de coco (coprah), sans précision	900	0	0	100
16060	Huile ou graisse de coco (coprah), raffinée	900	0	0	100
16080	Matière grasse ou graisse végétale solide (type margarine) pour friture	899	0	0	99.8
16110	Huile ou beurre de karité	900	0	0	100
16128	Huile pour friture, sans précision	900	0	0	100
16129	Huile de palme, sans précision	900	0	0	100
16150	Huile de palme raffinée	900	0	0	100
16200	Huile ou graisse de palmiste, sans précision	900	0	0	100
16400	Beurre à 82% MG, doux	753	0.7	0.9	82.9
16401	Huile de beurre ou Beurre concentré	900	0.3	0	99.9
16402	Beurre à 80% MG, demi-sel	738	0.7	0.6	81.4
16403	Beurre à 80% MG, salé	732	0.5	0.7	80.8
16404	Beurre à 82% MG, doux, tendre	755	0.7	0.5	83.4
16410	Beurre à 60-62% MG, à teneur réduite en matière grasse, doux	550	0.6	0.7	60.6
16411	Beurre à 60-62% MG, à teneur réduite en matière grasse, demi-sel	555	0.9	0.5	61
16412	Beurre ou assimilé allégé (léger ou à teneur reduite en matière grasse), doux (aliment moyen)	368	0.3	3.7	38.9
16413	Beurre à teneur en matière grasse inconnue (allégé ou non), demi-sel (aliment moyen)	727	0.7	0.6	80.2
16414	Beurre ou assimilé à teneur en matière grasse inconnue, doux (aliment moyen)	741	0.7	1	81.5
16415	Beurre à 39-41% MG, léger, doux	391	0	3.6	41.7
16520	Saindoux	896	0	0	99.5
16530	Lard gras, cru	810	2.9	0	88.7
16540	Graisse de poulet	898	0	0	99.8
16550	Graisse de canard	898	0	0	99.8
16560	Graisse d'oie	898	0	0	99.8
16570	Graisse de dinde	898	0	0	99.8
16614	Matière grasse végétale (type margarine) à 80% MG, salée	722	0	0	80
16615	Matière grasse végétale ou margarine, 80% MG, doux	726	0.4	0.3	80.4
16616	Matière grasse végétale (type margarine) à 70% MG, doux	631	0.1	0.2	70
16654	Matière grasse végétale (type margarine) à 60% de MG, allégée, au tournesol, doux	548	0	0	60.6
16712	Matière grasse laitière à 25% MG, légère, "à tartiner", doux	247	0.4	3.8	25.6
16713	Matière grasse laitière à 20% MG, légère, "à tartiner", doux	201	0	6.2	19.1
16719	Matière grasse végétale (type margarine), teneur en matière grasse inconue, doux (aliment moyen)	608	0.2	0.2	67.4
16725	Matière grasse végétale (type margarine), teneur réduite en matière grasse inconnue, doux (aliment moyen)	532	0.3	0.2	58.9
16733	Matière grasse végétale (type margarine), à tartiner, à 30-40% MG, légère, doux	366	1.4	3	38.6
16734	Matière grasse végétale (type margarine), à tartiner, à 30-40% MG, légère, demi-sel	358	0.9	3.1	38
16736	Matière grasse végétale (type margarine), à tartiner, à 30-40% MG, légère, doux, riche en oméga 3	349	0	0	38.8
16737	Matière grasse végétale (type margarine) à 50-63% MG, allégée, doux, riche en oméga 3	521	0.2	0.2	57.8
16738	Matière grasse végétale (type margarine) à 50-63% MG, allégée, demi-sel	523	0.2	0	58
16739	Matière grasse végétale (type margarine) à 50-63% MG, allégée, doux, aux esters de stérol végétal	548	0	0	60.8
16740	Matière grasse végétale (type margarine) à 50-63% MG, allégée, demi-sel, riche en oméga 3	491	0.1	0.1	54.5
16741	Matière grasse végétale (type margarine) à 50-63% MG, allégée, doux	536	0	0.2	59.3
16742	Matière grasse végétale (type margarine) à 30-40% MG, légère, demi-sel, aux esters de stérol végétal	325	0.1	2.5	35
16743	Matière grasse mélangée (végétale et laitière) à 50-63% MG	490	0.4	0.6	54
16744	Matière grasse mélangée (végétale et laitière) à 50-63% MG, demi-sel	481	0.4	0.6	53
16745	Matière grasse mélangée (végétale et laitière), à tartiner, à 30-40% MG	397	1.7	5.6	40.9
16746	Matière grasse mélangée (végétale et laitière), à tartiner, à 30-40% MG, demi-sel	370	1.5	5.6	38
17001	Huile végétale (aliment moyen)	900	0.2	0	99.9
17020	Huile d'amandes d'abricot	900	0	0	100
17030	Huile d'amande	900	0	0	100
17040	Huile d'arachide	900	0	0	99.9
17100	Huile d'avocat	900	0	0	100
17110	Huile de germe de blé	900	0	0	100
17126	Huile de carthame	900	0	0	100
17130	Huile de colza	900	0	0	100
17170	Huile de coton	900	0	0	100
17180	Huile de lin	900	0	0	100
17190	Huile de maïs	900	0	0	100
17210	Huile de noisette	900	0	0	100
17220	Huile de noix	900	0	0	100
17270	Huile d'olive vierge extra	900	0	0	99.9
17325	Huile de pavot	900	0	0	100
17350	Huile de pépins de raisin	900	0	0	100
17390	Huile de son de riz	900	0	0	100
17400	Huile de sésame	900	0	0	100
17420	Huile de soja	900	0	0	100
17440	Huile de tournesol	901	0	0	100
17630	Huile de foie de morue	900	0	0	100
17640	Huile de sardine	900	0	0	100
17645	Huile de saumon	900	0	0	100
17650	Huile de hareng	900	0	0	100
17700	Huile combinée (mélange d'huiles)	896	0	0	99.5
17701	Huile combinée, mélange d'huile d'olive et de graines	900	0	0	100
17900	Huile d'argan ou d'argane	889	0	0	98.7
17999	Huile de paraffine	0	0	0	0
18001	Boisson gazeuse, sans jus de fruit, non sucrée, avec édulcorants	1	0.1	0.2	0
18003	Café, moulu	397	14.4	40.2	15.4
18004	Café, non instantané, non sucré, prêt à boire	7	0	1.4	0
18005	Café, poudre soluble	296	19.4	42.6	1.1
18008	Eau de source, embouteillée (aliment moyen)	0	0	0	0
18009	Eau minérale, embouteillée, faiblement minéralisée (aliment moyen)	0	0	0	0
18010	Limonade, sucrée	34	0	8.5	0
18011	Eau de coco	15	0	3.3	0
18012	Boisson à l'eau minérale ou de source, aromatisée, sucrée	15	0.1	3.5	0.1
18013	Tonic ou bitter, non sucré, avec édulcorants	2	0.1	0.4	0
18014	Tonic ou bitter, sucré, avec édulcorants	26	0	6.5	0
18015	Boisson au thé, aromatisée, sucrée, avec édulcorants	21	0	5.3	0
18016	Limonade, sucrée, avec édulcorants	12	0	3	0
18017	Sirop à diluer, sucré	255	0	62.6	0
18018	Cola, sucré	42	0.1	10.2	0.1
18019	Boisson gazeuse aux fruits (de 10 à 50% de jus), sucrée	47	0.1	11.3	0
18020	Thé infusé, non sucré	0	0	0	0
18021	Boisson plate aux fruits, (à moins de 10% de jus), non sucrée, avec édulcorants	5	0.1	1	0.1
18022	Tisane infusée, non sucrée	1	0	0.2	0
18023	Boisson plate aux fruits (à moins de 10% de jus), sucrée	19	0.1	4.4	0.1
18024	Boisson plate aux fruits (10 à 50% de jus de jus), sucrée, avec édulcorants	25	0	6.2	0
18025	Kombucha, préemballé	9	0	1.5	0
18026	Boisson gazeuse, sans jus de fruit, sucrée	37	0.1	8.7	0.1
18028	Boisson à l'eau minérale ou de source, aromatisée, non sucrée, sans édulcorant	1	0.1	0.1	0
18029	Boisson rafraîchissante sans alcool (aliment moyen)	30	0.1	7.4	0
18030	Boisson à l'eau minérale ou de source, aromatisée, non sucrée, avec édulcorants	2	0.1	0.3	0.1
18033	Boisson gazeuse aux fruits (à moins de 10% de jus), sucrée, avec édulcorants	28	0	7	0
18034	Boisson gazeuse aux fruits (de 10 à 50% de jus), sucrée, avec édulcorants	16	0.1	3.8	0
18035	Limonade, non sucrée, avec édulcorants	1	0.1	0.1	0
18037	Cola, sucré, avec édulcorants	27	0	6.7	0
18039	Diabolo (limonade et sirop)	43	0.1	10.6	0
18041	Lait de coco ou Crème de coco	188	1.8	3.4	18.4
18044	Eau minérale (aliment moyen)	0	0	0	0
18045	Eau minérale, plate (aliment moyen)	0	0	0	0
18046	Eau minérale, gazeuse (aliment moyen)	0	0	0	0
18048	Boisson gazeuse aux fruits (teneur en jus non spécifiée), sucrée (aliment moyen)	47	0.1	11.2	0
18049	Boisson gazeuse aux fruits (à moins de 10% de jus), sucrée	41	0.1	10	0.1
18051	Boisson gazeuse aux fruits (de 10 à 50% de jus), non sucrée, avec édulcorants	6	0.1	1.4	0
18057	Boisson préparée à partir de boisson concentrée à diluer, non sucrée, avec édulcorants, type "sirop 0%", diluée dans l'eau	10	0	2.4	0
18058	Boisson préparée à partir de sirop à diluer type menthe, fraise, etc, sucré, dilué dans l'eau	31	0.1	7.7	0
18059	Boisson concentrée à diluer, sans sucres ajoutés, avec édulcorants, type "sirop 0%"	22	0	2.8	0
18060	Cola, non sucré, avec édulcorants	1	0.1	0.1	0.1
18062	Boisson au thé, aromatisée, teneur en sucre et édulcorant inconnue (aliment moyen)	27	0	6.1	0
18063	Cola, teneur en sucre et édulcorant inconnue (aliment moyen)	31	0.1	7.5	0.1
18064	Boisson au thé, aromatisée, à teneur réduite en sucres	0	0	0	0
18065	Boisson au thé, aromatisée, non sucrée, avec édulcorants	1	0	0.3	0
18066	Eau du robinet	0	0	0	0
18067	Cola, sucré, sans caféine	44	0	11	0
18068	Cola, non sucré, avec édulcorants, sans caféine	1	0	0.2	0
18069	Café, décaféiné, poudre soluble	357	12.7	76	0.2
18070	Café décaféiné, non instantané, non sucré, prêt à boire	4	0.1	0.6	0.2
18071	Café expresso, non instantané, non sucré, prêt à boire	8	0	1.2	0.2
18072	Café décaféiné, instantané, non sucré, prêt à boire	2	0.1	0.4	0
18073	Café, instantané, non sucré, prêt à boire	2	0.1	0.3	0
18075	Boisson au thé, aromatisée, sucrée	27	0	6.8	0
18076	Thé, feuille	232	19.4	6.3	2
18078	Boisson gazeuse, sans jus de fruit, sucrée, avec édulcorants	27	0	6.8	0
18100	Cacao, non sucré, poudre soluble	387	22.4	11.6	20.6
18101	Poudre cacaotée ou au chocolat pour boisson, sucrée	379	6.7	75.6	3.3
18102	Poudre maltée, cacaotée ou au chocolat pour boisson, sucrée, enrichie en vitamines et minéraux	402	9.9	79.4	5
18104	Boisson cacaotée ou au chocolat, instantanée, sucrée, prête à boire (reconstituée avec du lait demi-écrémé standard)	69	3.8	9.5	1.4
18106	Boisson cacaotée ou au chocolat, instantanée, sucrée, enrichie en vitamines, prête à boire (reconstituée avec du lait demi-écrémé standard)	72	4.1	9.9	1.7
18107	Boisson à l'amande, nature, non sucrée, non enrichie, préemballée	36	1.1	0.7	3.2
18110	Boisson à l'amande, sucrée, enrichie en calcium, préemballée	44	0.7	4	2.8
18150	Chicorée et café, poudre soluble	332	9.3	66.9	0.4
18151	Café au lait, café crème ou cappuccino, instantané ou non, non sucré, prêt à boire	22	1.4	2.3	0.8
18152	Chicorée, poudre soluble	323	3.3	57.2	2.5
18153	Chicorée et café, instantané, non sucré, prête à boire (reconstituée avec du lait demi-écrémé standard)	54	3.7	5.9	1.6
18154	Thé noir, infusé, non sucré	1	0	0.3	0
18155	Thé vert, infusé, non sucré	5	0	1.1	0
18156	Thé oolong, infusé, non sucré	0	0	0	0
18160	Café au lait ou cappuccino, poudre soluble	416	12.2	70.1	8.8
18161	Chicorée, instantanée, non sucrée, prête à boire (reconstituée avec du lait demi-écrémé standard)	94	0	7.1	7.1
18162	Chicorée et café, instantané, non sucré, prêt à boire (reconstituée avec de l'eau)	29	0.6	6.1	0
18163	Café au lait ou cappuccino au chocolat, poudre soluble	402	11.2	67.1	9.1
18167	Poudre cacaotée ou au chocolat sucrée pour boisson, enrichie en vitamines et minéraux	376	4.7	79.3	3
18168	Poudre cacaotée ou au chocolat pour boisson, sucrée, enrichie en vitamines	386	4.3	85	2
18220	Citron ou Lime, spécialité à diluer pour boissons, sans sucres ajoutés	20	0	1.3	0
18304	Boisson plate aux fruits (10 à 50% de jus), à teneur réduite en sucres	21	0	5.2	0
18305	Boisson plate aux fruits (10 à 50% de jus), non sucrée, avec édulcorants	7	0.1	1.4	0.1
18309	Boisson plate aux fruits (teneur en jus non spécifiée), sucrée	46	0.1	11.2	0.1
18339	Boisson plate aux fruits (10 à 50% de jus), sucrée	41	0.1	10.1	0.1
18340	Boisson gazeuse aux fruits (à moins de 10% de jus), non sucrée, avec édulcorants	3	0.1	0.5	0.1
18341	Boisson gazeuse à la pomme (de 50 à 99% de fruits), non sucrée	30	0	7.5	0
18343	Boisson au jus de fruit et au lait	48	0.6	9.6	0.3
18344	Tonic ou bitter, sucré	34	0.1	8.3	0.1
18345	Boisson gazeuse aux fruits (à moins de 10% de jus), non sucrée, sans édulcorant	17	0	4.2	0
18350	Boisson diététique pour le sport	22	0	5.3	0.1
18352	Boisson énergisante, sucrée	48	0.2	11.9	0
18353	Boisson énergisante, non sucrée, avec édulcorants	5	0.1	1	0.1
18430	Eau embouteillée de source	0	0	0	0
18900	Boisson au soja, nature, non enrichie, préemballée	37	3.3	0.7	2.1
18901	Boisson au soja, nature, enrichie en calcium, préemballée	44	3.4	2.2	2.1
18902	Boisson au soja, aromatisée, sucrée, non enrichie, préemballée	61	3	7.2	1.9
18903	Boisson au soja, aromatisée, sucrée, enrichie en calcium, préemballée	43	3	2.9	1.8
18904	Boisson au riz, nature, préemballée	54	0	10.8	1
18905	Boisson à base d'avoine, nature, préemballée	43	0	7.8	1.1
18906	Boisson à la châtaigne, nature, préemballée	69	0	13.5	1.4
18907	Boisson à la noix de coco, nature, préemballée	31	0	2.8	2.1
19012	Lait de croissance infantile, liquide (aliment lacté destiné aux enfants en bas âge)	61	1.3	7.8	2.7
19013	Lait 1er âge, prêt à consommer (préparation pour nourrissons)	72	1.2	8	3.8
19014	Lait 2e âge, prêt à consommer (préparation pour nourrissons)	65	1.2	8.2	2.9
19015	Lait infantile pour prématurés, prêt à consommer	416	0	48.5	24.7
19021	Lait en poudre, entier	499	27.4	37.5	26.8
19023	Lait entier, UHT	65	3.3	4.9	3.6
19024	Lait entier, pasteurisé	57	3.3	3.5	3.3
19026	Lait concentré non sucré, entier	122	6.4	9.9	5.9
19027	Lait concentré sucré, entier	323	7.7	55.6	7.9
19037	Lait demi-écrémé, UHT, enrichi en vitamine D seulement	47	3.4	4.8	1.5
19038	Lait à 1,2% de matière grasse, UHT, enrichi en plusieurs vitamines	44	3.4	4.8	1.3
19039	Lait, teneur en matière grasse inconnue, UHT (aliment moyen)	47	3.4	4.8	1.6
19041	Lait demi-écrémé, UHT	47	3.4	4.8	1.6
19042	Lait demi-écrémé, pasteurisé	46	3.2	4.9	1.5
19044	Lait en poudre, demi-écrémé	459	31.5	43.4	17.5
19050	Lait écrémé, UHT	33	3.5	4.6	0.1
19051	Lait écrémé, pasteurisé	35	3.3	5	0.2
19054	Lait en poudre, écrémé	361	35.3	54	0.7
19060	Lait demi-écrémé (ou à teneur en matière grasse légèrement inférieure) à teneur réduite en lactose	44	3.5	4.7	1.3
19120	Boisson lactée aromatisée (arôme inconnu), sucrée, au lait partiellement écrémé, enrichie et/ou restaurée en vitamines et/ou minéraux (aliment moyen)	70	2.9	12.1	1.1
19122	Boisson lactée aromatisée au chocolat, sucrée, au lait partiellement écrémé, enrichie et/ou restaurée en vitamines et/ou minéraux	64	2.8	10.8	1
19127	Boisson lactée aromatisée à la fraise, sucrée, au lait partiellement écrémé, enrichie à la vitamine D	53	2.2	10	0.5
19200	Lait de chèvre, entier, UHT	56	3.4	4.4	2.8
19201	Lait de chèvre, demi-écrémé, UHT	46	3.8	4.1	1.6
19202	Lait de chèvre, entier, cru	57	3.2	4	3.2
19225	Lait de jument, entier	50	2.4	6.2	1.7
19250	Lait de brebis, entier	103	5.7	4.5	7
19402	Crème de lait ou spécialité à base de crème légère, teneur en matière grasse inconnue (aliment moyen)	269	2.9	2.9	26
19410	Crème de lait, 30% MG, épaisse, rayon frais	304	3	2.8	30.7
19411	Crème d'Isigny AOP, >= 35% MG	381	2.3	3	40
19415	Crème de lait, 30% MG, semi-épaisse, UHT	297	2.5	1.9	30.7
19420	Crème chantilly, sous pression, UHT	308	2.1	10.6	28.2
19430	Crème de lait, 15 à 20% MG, légère, semi-épaisse, UHT	194	2.6	2.9	18.7
19431	Crème de lait, 15 à 20% MG, légère, épaisse, rayon frais	166	2.8	3	15.3
19433	Spécialité à base de crème légère 8% MG, fluide ou épaisse	76	3.3	5.3	4.3
19436	Crème de lait, 15 à 20% MG, légère, fluide, rayon frais	151	3	4.3	13.5
19437	Fromage de chèvre pané à dorer, préemballé	284	12.9	15	19.2
19500	Boisson lactée, lait fermenté ou yaourt à boire, aromatisé, avec édulcorants, allégé en sucres, 0% MG, au L Casei	27	2.9	3.6	0.1
19501	Fromage blanc nature ou aux fruits (aliment moyen)	88	7.1	5.7	4.3
19508	Boisson lactée, lait fermenté ou yaourt à boire, aromatisé, sucré	74	3	11.6	1.4
19516	Boisson lactée, lait fermenté ou yaourt à boire, aromatisé, sucré, au L Casei	76	2.8	12.7	1.5
19530	Spécialité fromagère non affinée à tartiner environ 30-40 % MG aromatisée (ex: ail et fines herbes)	366	7.7	4.2	35.3
19534	Boisson lactée, lait fermenté ou yaourt à boire, aromatisé, sucré, enrichi en vitamine D	74	3.1	12.6	1.2
19535	Boisson lactée, lait fermenté ou yaourt à boire, aux fruits, sucré	83	3.1	13.1	1.7
19536	Boisson lactée, lait fermenté ou yaourt à boire, aux fruits, sucré, enrichie en vitamine D	81	3	13.9	1.5
19538	Boisson lactée, lait fermenté ou yaourt à boire, nature, sucré, au L Casei	77	2.8	12.9	1.6
19539	Lait fermenté ou spécialité laitière type yaourt, aromatisé, sucré, au bifidus	94	3.8	11.5	3.1
19541	Lait fermenté ou spécialité laitière type yaourt, aux fruits, avec édulcorants, 0% MG, au bifidus	46	4.7	6.7	0.1
19542	Lait fermenté ou spécialité laitière type yaourt, aux fruits, sucré, au bifidus	97	3.6	13	3
19543	Lait fermenté ou spécialité laitière type yaourt, aux fruits, 0% MG, avec édulcorants, aux esters de stérol	46	3.9	6.6	0.5
19544	Lait fermenté ou spécialité laitière type yaourt, nature, 0% MG, au bifidus	43	4.4	5.8	0.3
19546	Lait fermenté ou spécialité laitière type yaourt, nature, au bifidus	65	3.8	3.5	3.6
19548	Lait fermenté ou spécialité laitière type yaourt, sur lit de fruits, sucré, au bifidus	93	3.8	13.3	2.7
19550	Yaourt à la grecque, au lait de brebis	69	3.8	5	3.4
19552	Yaourt à la grecque, sur lit de fruits	131	2.3	16.3	6.3
19553	Yaourt au lait de brebis, aromatisé, sucré	94	5	9.3	3.7
19554	Yaourt au lait de brebis, nature, 3% MG environ	68	5.7	4.6	3
19556	Yaourt au lait de chèvre, nature, 5% MG environ	73	4.2	1.1	5.2
19557	Yaourt, lait fermenté ou spécialité laitière sur lit de fruits, sucré	108	3	15.2	3.9
19558	Yaourt, lait fermenté ou spécialité laitière, aux céréales, 0% MG	61	4.6	8.3	1.1
19559	Yaourt, lait fermenté ou spécialité laitière, aromatisé, avec édulcorants, 0% MG	55	4.5	8.3	0.1
19572	Fromage frais type petit suisse, aromatisé chocolat, sucré	146	4	20.9	5.2
19575	Yaourt, lait fermenté ou spécialité laitière, aromatisé, sucré	89	3.4	12.2	2.6
19577	Yaourt, lait fermenté ou spécialité laitière, aromatisé, sucré, à la crème	115	3.1	13.4	5.5
19578	Yaourt, lait fermenté ou spécialité laitière, aromatisé, sucré, enrichi en vitamine D	84	3.4	13.6	1.8
19579	Yaourt, lait fermenté ou spécialité laitière, aux céréales	91	3.6	11.3	3.4
19580	Yaourt, lait fermenté ou spécialité laitière, aux copeaux de chocolat, à la crème, sucré	122	3.5	14.1	5.1
19581	Yaourt, lait fermenté ou spécialité laitière, aux fruits, avec édulcorants, 0% MG	39	4.2	3.7	0
19582	Yaourt, lait fermenté ou spécialité laitière, aux fruits, avec édulcorants, 0% MG, enrichi en vitamine D	49	4.5	7.5	0.1
19584	Mascarpone	385	4.4	4	39
19585	Ricotta	158	8.8	4	11.9
19587	Yaourt, lait fermenté ou spécialité laitière, aux fruits, sucré	96	3.6	14.2	2.4
19589	Yaourt, lait fermenté ou spécialité laitière, aux fruits, sucré, à la crème	109	2.4	14.5	4.3
19590	Mozzarella au lait de vache	227	16.5	0.8	17.7
19591	Mozzarella au lait de bufflonne ou buflesse ("di bufala")	260	14.5	0.2	22.3
19592	Yaourt, lait fermenté ou spécialité laitière, aux fruits, sucré, enrichi en vitamine D	91	3.5	14	2.4
19593	Yaourt, lait fermenté ou spécialité laitière, nature	46	4	2.7	1.5
19594	Yaourt, lait fermenté ou spécialité laitière, nature, 0% MG	39	4.8	4.1	0.1
19596	Yaourt, lait fermenté ou spécialité laitière, nature, 0% MG, enrichi en vitamine D	38	4.6	5	0
19597	Yaourt, lait fermenté ou spécialité laitière, nature, 0% MG, sucré, enrichi en vitamine D	50	4.4	5.4	1.2
19598	Yaourt, lait fermenté ou spécialité laitière, nature, à la crème	115	3.1	3.1	9.8
19599	Yaourt, lait fermenté ou spécialité laitière, nature, sucré	84	3.5	12.5	2
19600	Yaourt ou spécialité laitière nature (aliment moyen)	57	3.9	4.7	2.3
19624	Yaourt ou spécialité laitière nature ou aux fruits (aliment moyen)	69	3.7	7.5	2.5
19628	Yaourt ou spécialité laitière aux fruits (aliment moyen)	93	3.2	12.8	2.9
19638	Faisselle au coulis de fruits	93	3.6	8.5	5
19639	Faisselle, 0% MG	36	4.5	4.4	0
19641	Faisselle, 6% MG environ	84	4.5	3.6	5.5
19643	Fromage blanc et crème fouettée sur lit de fruits, sucré	145	4.6	16	7
19644	Fromage blanc nature, 0% MG	49	8	3.9	0
19645	Fromage blanc nature, 0% MG, enrichi en vitamine D	51	7.6	5	0.1
19646	Fromage blanc nature, 3% MG environ	77	8	3.5	3.3
19647	Fromage blanc nature, 3% MG environ, au bifidus	74	7.2	3.9	3.3
19648	Fromage blanc nature, 3% MG environ, enrichi en vitamine D	79	7	5.4	3.2
19649	Fromage blanc nature, gourmand, 8% MG environ	116	6.2	5.3	7.7
19650	Fromage blanc ou spécialité laitière nature et crème fouetté, 10% MG environ	134	6.9	3.7	10.2
19651	Fromage blanc ou spécialité laitière, aromatisé, sucré, 0% MG	78	7.1	12.5	0
19652	Fromage blanc ou spécialité laitière, aromatisé, sucré, 3% MG environ	102	6.4	13.1	2.7
19653	Fromage blanc ou spécialité laitière, aromatisé, sucré, 3% MG environ, au bifidus	107	5.6	14	3.2
19654	Fromage blanc ou spécialité laitière, aux copeaux de chocolat, sucré, 7% MG environ	140	5.3	16.2	6
19655	Fromage blanc ou spécialité laitière, aux fruits, avec édulcorants, allégé en sucres, 0% MG	53	6.2	6.8	0.1
19656	Fromage blanc ou spécialité laitière, aux fruits, sucré, 0% MG	86	7.9	13.5	0
19657	Fromage blanc ou spécialité laitière, aux fruits, sucré, 3% MG environ	110	5.2	14.7	3.3
19658	Fromage blanc ou spécialité laitière, aux fruits, sucré, 3% MG environ, au bifidus	102	5.4	13.5	3
19659	Fromage blanc ou spécialité laitière, aux fruits, sucré, gourmand, 7% MG environ	124	5.2	13.4	5.5
19661	Fromage frais type petit suisse, aux fruits, 2-3% MG	93	6.7	9.3	2.8
19662	Fromage frais type petit suisse, aux fruits, 2-3% MG, enrichi en calcium et vitamine D	98	6.4	12.2	2.6
19663	Fromage frais type petit suisse, nature, 0% MG	57	9.9	3.8	0.2
19664	Fromage frais type petit suisse, nature, 4% MG environ	89	10	2.8	4
19665	Mousse de fromage blanc sur lit de fruits, 0% MG, avec édulcorants, enrichie en calcium et vitamine D	54	6.5	6	0.5
19666	Fromage frais type petit suisse, nature, 10% MG environ	149	9.7	3.2	10.4
19667	Fromage frais type petit suisse, aromatisé ou aux fruits, 2-3% MG, enrichi en calcium et vitamine D	90	5.7	10.2	2.5
19668	Fromage blanc ou spécialité laitière, aux fruits, avec édulcorants, allégé en sucres, 3% MG environ	84	3.2	12.2	2.5
19669	Spécialité laitière type encas, riche en protéines, sur lit de fruits, sucrée	98	7.5	11.5	2.3
19671	Yaourt, lait fermenté ou spécialité laitière, aromatisé ou aux fruits, 0% MG (aliment moyen)	42	4.3	4.9	0.1
19672	Yaourt, lait fermenté ou spécialité laitière, aromatisé ou aux fruits, non allégé en MG (aliment moyen)	93	3.2	12.9	2.8
19673	Crème dessert, allégée en MG, rayon frais	79	3.6	12.4	1.3
19674	Flan aux oeufs, rayon frais	111	4.1	18.5	2.2
19675	Yaourt, lait fermenté ou spécialité laitière, aromatisé ou aux fruits, avec édulcorants (aliment moyen)	42	4.3	4.9	0.1
19676	Yaourt, lait fermenté ou spécialité laitière, aromatisé ou aux fruits, sucré (aliment moyen)	93	3.2	13	2.8
19677	Yaourt, lait fermenté ou spécialité laitière, aromatisé ou aux fruits, sucré, non allégé en MG (aliment moyen)	93	3.2	13	2.8
19678	Lait emprésuré aromatisé, rayon frais	115	5.6	17.6	2.5
19679	Lait gélifié aromatisé, nappé caramel, rayon frais	92	2.6	16.7	1.3
19680	Lait gélifié aromatisé, rayon frais	123	3.4	19.5	3.5
19681	Liégeois ou viennois (chocolat, café, caramel ou vanille), rayon frais	139	3	18.8	5.8
19682	Yaourt, lait fermenté ou spécialité laitière, aromatisé ou aux fruits (aliment moyen)	89	3.3	12.4	2.6
19683	Lait gélifié aromatisé, allégé en matière grasse et en sucre, rayon frais	74	4.2	11.8	1.1
19685	Panna cotta, avec préparations de fruits ou caramel, rayon frais	198	2.7	14.9	13
19688	Baba au rhum, préemballé	169	2.8	23.6	3.9
19689	Cheesecake ou Gâteau au fromage frais, préemballé	330	4.6	31.7	20.3
19692	Dessert au soja, aux fruits, sucré, enrichi en calcium, fermenté, préemballé	87	2.7	12.9	2.3
19693	Dessert au soja, nature, non sucré, non enrichi, fermenté, préemballé	45	3.8	2.1	1.9
19694	Dessert au soja, nature, non sucré, enrichi en calcium, fermenté, préemballé	42	3.6	1.1	2.1
19695	Dessert au soja, aux fruits, sucré, non enrichi, fermenté, préemballé	78	3.3	11	1.7
19696	Dessert au soja, aux amandes, fermenté, préemballé	56	3.7	2.9	2.8
19698	Tiramisu, préemballé	241	4.3	30.4	9.8
19801	Lait fermenté à boire, nature, maigre	34	3.5	2.2	0.6
19805	Lait fermenté à boire, nature, au lait entier	56	3.4	2	3.2
19852	Mousse à la crème de marrons, préemballée	207	2.2	34.4	6.5
19860	Yaourt à la grecque, nature	113	3.3	4.2	9.2
19862	Yaourt à la grecque, aromatisé, sucré	142	4.3	12.8	8.2
19863	Tzatziki, à base yaourt, préemballé	138	6.2	3.8	10.9
19864	Tzatziki, à base fromage frais, préemballé	141	6.9	3.3	11.1
19865	Kéfir de lait	62	3.2	4.5	3.5
19882	Yaourt au lait de brebis, nature, 6% MG environ	94	5.1	4.6	6.1
20000	Artichaut, cuit	17	2.5	1	0.3
20001	Asperge, bouillie/cuite à l'eau	17	2.7	0.8	0.3
20002	Aubergine, cuite	25	1.3	4.2	0.3
20003	Betterave rouge, cuite	43	1.4	7.1	0.4
20004	Bette ou blette, crue	16	1	1.6	0
20005	Bette ou blette, cuite	15	0.7	1.2	0
20006	Brocoli, cuit	20	2.1	1.1	0.8
20007	Carotte, appertisée, égouttée	22	0.7	3.4	0.2
20008	Carotte, cuite	19	0.6	2.6	0.1
20009	Carotte, crue	40	0.6	7.6	0
20010	Champignon, tout type, cru	22	2.4	1.9	0.2
20011	Champignon, tout type, appertisé, égoutté	25	1.9	2.6	0.3
20012	Salade ou chicorée frisée, crue	18	1.5	2.4	0.3
20013	Chou de Bruxelles, cuit	28	2.6	4.2	0.1
20014	Chou rouge, cru	30	1.1	4.3	0
20015	Chou vert, cuit	20	1	3	0.5
20016	Chou-fleur, cru	26	1.8	2.1	0.7
20017	Chou-fleur, cuit	21	1.6	1.6	0.5
20018	Coeur de palmier, appertisé, égoutté	30	2.5	4	0.5
20019	Concombre, pulpe et peau, cru	16	0.6	2.5	0.1
20020	Courgette, pulpe et peau, crue	17	1.2	1.8	0.3
20021	Courgette, pulpe et peau, cuite	16	0.9	1.4	0.4
20022	Cresson de fontaine, cru	13	2.1	0.9	0.2
20023	Céleri branche, cru	18	0.6	2.4	0
20024	Céleri branche, cuit	10	0.8	1.2	0.2
20025	Céleri-rave, cuit	31	1.3	4.6	0.9
20026	Endive, crue	20	1.2	2.8	0
20027	Épinard, cuit	16	3.2	0.5	0.1
20028	Fenouil, cru	22	1	2.6	0
20029	Haricot mungo germé ou pousse de "soja", appertisé, égoutté	17	1.6	2.4	0.1
20030	Haricot vert, cuit	29	2	3	0.2
20031	Laitue, crue	12	1.3	1.3	0.2
20033	Navet, cuit	21	0.9	3.8	0.2
20034	Oignon, cru	35	1.1	6.3	0.6
20035	Oignon, cuit	32	1.3	6.2	0.2
20036	Petits pois, appertisés, égouttés	82	5.1	10.7	0.8
20037	Petits pois, cuits	50	5.8	4.7	0.9
20038	Pissenlit, cru	44	2.9	6.1	0.9
20039	Poireau, cru	32	1.5	4.9	0.3
20040	Poireau, cuit	18	1.1	3	0.2
20041	Poivron, vert, jaune ou rouge, cru	24	0.8	4.6	0.3
20043	Potiron, appertisé, égoutté	28	1.1	5.2	0.3
20044	Potiron, cru	19	1	3.5	0.1
20045	Radis rouge, cru	15	0.9	1.5	0
20046	Salsifis, cuit	62	2.7	12.3	0.2
20047	Tomate, crue	19	0.9	2.5	0.3
20048	Tomate, pelée, appertisée, égouttée	18	1.1	1.9	0.3
20049	Maïs doux, en épis, cuit	102	3.4	18.6	1.5
20050	Topinambour, cuit	82	1.8	16	0.7
20051	Macédoine de légumes, appertisée, égouttée	40	2.3	5.6	0.3
20052	Artichaut, cru	34	3.2	4.9	0.2
20053	Aubergine, crue	15	1.1	2.4	0.1
20054	Cardon, cru	11	0.7	1.7	0.1
20055	Céleri-rave, cru	29	1.4	4	0
20056	Champignon de Paris ou champignon de couche, cru	28	2.6	3.2	0.4
20057	Brocoli, cru	27	4	1.7	0.5
20058	Chou de Bruxelles, cru	42	4	5.7	0.4
20059	Épinard, cru	24	2.6	2.3	0.5
20060	Épinard, appertisé, égoutté	19	2.8	0.9	0.5
20061	Haricot vert, cru	26	1.9	4.1	0.2
20062	Haricot vert, appertisé, égoutté	23	1.3	2.1	0.3
20063	Haricot beurre, appertisé, égoutté	21	1.2	3.5	0.2
20064	Navet, pelé, cru	23	0.8	4.7	0.1
20065	Chou-rave, cru	17	1.8	2.4	0.1
20066	Maïs doux, appertisé, égoutté	106	2.8	18.4	1.7
20067	Artichaut, appertisé, égoutté	34	1.5	6.5	0.2
20068	Tomate, concentré, appertisé	99	4.4	17.1	0.5
20069	Chou vert, cru	21	2.5	1.9	0.4
20070	Haricot vert, surgelé, cru	34	2	4.4	0.2
20071	Haricot vert, surgelé, cuit	36	2	5.1	0.2
20072	Petits pois, crus	56	5.8	7	0.6
20073	Asperge, pelée, crue	20	2	2.4	0.2
20074	Artichaut, cuit à la vapeur sous pression	47	2.6	3.2	0
20076	Asperge, appertisée, égouttée	14	1.6	1.4	0.3
20077	Chou de Bruxelles, appertisé, égoutté	31	2.5	4.1	0.5
20078	Céleri branche, appertisé, égoutté	13	0.6	1.4	0.2
20079	Champignon de Paris ou champignon de couche, appertisé, égoutté	19	2.2	0.7	0.4
20081	Salsifis, appertisé, égoutté	23	1.3	4.3	0.2
20082	Chou-fleur, surgelé, cru	22	2.1	2.6	0.4
20083	Épinard, surgelé, cru	19	2.9	0.9	0.5
20084	Petits pois, surgelés, crus	62	5.9	8.8	0.4
20085	Poivron vert, cru	26	0.8	3.4	0
20086	Poivron vert, cuit	15	0.9	2.4	0.2
20087	Poivron rouge, cru	37	1.1	6	0
20088	Poivron rouge, cuit	36	1.4	7	0.3
20089	Radis noir, cru	29	0.9	5.5	0
20090	Scarole, crue	8	1.3	0.3	0.2
20091	Betterave rouge, crue	46	1.7	9.1	0.2
20092	Carotte, déshydratée	270	8.1	56	1.5
20093	Petits pois et carottes, appertisés, égouttés	49	2.5	7.4	0.3
20094	Chou-rave, bouilli/cuit à l'eau	26	1.8	4.4	0.1
20095	Chou rouge, bouilli/cuit à l'eau	20	1.5	3.3	0.1
20096	Potiron, cuit	22	0.8	4.5	0.1
20097	Échalote, crue	64	1.8	12.2	0
20099	Mâche, crue	17	2	0.5	0
20101	Légumes, mélange surgelé, crus	65	2.3	5.7	2.7
20102	Champignon de Paris ou champignon de couche, bouilli/cuit à l'eau	29	2.2	3	0.5
20103	Champignon, chanterelle ou girolle, crue	33	2.3	2.3	0.8
20105	Champignon, morille, crue	25	3.2	0.1	0.5
20106	Champignon, truffe noire, crue	28	5.8	0	0.5
20108	Maïs doux, en épis, surgelé, cru	92	3.4	17	1.2
20111	Oseille, crue	20	1.8	1.6	0.7
20114	Champignon, pleurote, crue	26	3.1	1.5	0.4
20116	Chou blanc, cru	37	1.4	4.6	0.6
20118	Fenouil, bouilli/cuit à l'eau	8	1.1	0.8	0
20119	Tomate verte, crue	23	1.2	4	0.2
20121	Épinard, surgelé, cuit	26	4	0.5	0.9
20122	Chou-fleur, surgelé, cuit	18	1.6	1.1	0.2
20123	Batavia, crue	18	1.3	1.8	0
20124	Petits pois, surgelés, cuits	55	5.2	8	0.3
20125	Champignon de Paris ou champignon de couche, sauté/poêlé, sans matière grasse	38	4.4	4.5	0.6
20126	Haricot de Lima, cru	105	6.8	15.3	0.9
20128	Courge musquée, pulpe, crue	21	0.6	4.6	0.1
20132	Potimarron, pulpe, cru	16	0.6	3.1	0.1
20133	Panais, cuit	68	1.3	13.4	0.3
20134	Courge hokkaïdo, pulpe, crue	51	1.4	10	0.6
20135	Fondue de poireau	51	1.1	0	5.2
20136	Courge melonnette, pulpe, crue	28	0.8	6	0.1
20138	Courge doubeurre (butternut), pulpe, crue	27	1	5.4	0.1
20139	Courge, crue	12	1.1	1.6	0.2
20141	Courge doubeurre (butternut), pulpe, cuite	6	1.2	0	0.1
20143	Courge spaghetti, pulpe, cuite	25	0.7	5.1	0.3
20145	Courge spaghetti, pulpe, crue	29	0.6	5.4	0.6
20151	Piment, cru	41	1.9	7.7	0.3
20155	Artichaut, coeur, appertisé, égoutté	26	1.8	2.3	0
20156	Artichaut, fond, appertisé, égoutté	25	1.2	3	0
20158	Tétragone cornue, cuite	11	1.3	1	0.2
20159	Champignon, oronge vraie, crue	23	2	2.5	0.3
20160	Champignon, cèpe, cru	32	3.1	3	0.4
20161	Champignon, rosé des prés, cru	25	2.3	2.5	0.4
20162	Chicorée rouge, crue	13	1.4	1.6	0.1
20163	Chicorée verte, crue	14	1.9	0.5	0.5
20165	Rutabaga, cuit	22	0.9	4.3	0.2
20166	Citrouille, pulpe, crue	29	1	6	0.1
20167	Chou chinois ou pak-choi ou pé-tsai, cru	14	1.4	1.7	0.2
20168	Poivron jaune, cru	31	0.9	4.7	0.3
20169	Tomate, pulpe, appertisée	26	1.2	3.6	0
20170	Tomate, purée, appertisée	47	1.4	7.5	0.4
20171	Laitue romaine, crue	12	1.2	1.2	0.3
20172	Tomate cerise, crue	34	1.3	5.6	0
20173	Pois mange-tout ou pois gourmand, cru	40	3.1	6.2	0.3
20180	Oignon, séché	340	9	75	0.5
20181	Panais, cru	58	1.5	10.1	0.4
20183	Haricot mungo germé ou pousse de "soja", cru	24	2.6	3.4	0
20188	Bambou, pousses, appertisées, égouttées	15	1.6	1.9	0.2
20189	Tomate, séchée	257	14.2	43.3	3
20192	Tomate côtelée ou coeur de boeuf, crue	20	0.5	3.2	0
20194	Haricots blancs à la sauce tomate, appertisés	63	4.7	10.1	0.4
20195	Haricot beurre, cru	31	1.9	5.6	0.2
20196	Topinambour, cru	61	1.9	11.5	0.3
20197	Salsifis noir, ou scorsonère d'Espagne, cru	76	3.1	15.3	0.3
20198	Bambou, pousse, crue	35	2.5	5.1	0.2
20199	Cresson alénois, cru	24	2.6	2.2	0.6
20200	Laitue iceberg, crue	15	1	2.5	0.2
20201	Rutabaga, cru	29	1.2	5.7	0.1
20202	Champignon noir, séché	30	7.3	0	0.1
20203	Haricot beurre, surgelé, cru	29	2	4.9	0.2
20204	Brocoli, surgelé, cru	21	2.8	1.6	0.4
20205	Brocoli, surgelé, cuit	23	3.1	2.4	0.1
20206	Chou de Bruxelles, surgelé, cru	35	3.4	4.5	0.3
20207	Chou de Bruxelles, surgelé, cuit	35	3.6	4.2	0.4
20208	Carotte, surgelée, crue	25	0.6	5	0.3
20209	Carotte, surgelée, cuite	33	0.6	4.5	0.7
20210	Concombre, pulpe, cru	15	0.6	2.2	0
20211	Champignon, lentin comestible ou shiitaké, séché	316	9.6	63.9	1
20212	Champignon, lentin comestible ou shiitaké, cuit	61	1.6	12.3	0.2
20214	Petits pois et carottes, surgelés, crus	47	3.9	7.1	0.4
20215	Petits pois et carottes, surgelés, cuits	44	3.1	7	0.4
20216	Pois mange-tout ou pois gourmand, bouilli/cuit à l'eau	31	2.3	3.4	0.3
20217	Roquette, crue	25	2.6	2.1	0.7
20218	Chou frisé, cru	44	4.3	4.2	1.1
20219	Chou frisé, cuit	26	1.9	3.6	0.4
20221	Chou chinois (pak-choi ou pé-tsai), cuit	11	1.5	0.8	0.2
20228	Champignon de Paris ou champignon de couche, surgelé, cru	16	1.8	0.8	0.3
20230	Courgette, pulpe et peau, surgelée, crue	15	1.2	2.2	0.1
20231	Crosne, surgelé, cru	40	1.4	8.7	0
20232	Artichaut, fond, surgelé, cru	45	2.1	8.1	0.4
20233	Maïs doux, surgelé, cru	99	3.3	19.8	0.8
20234	Navet, surgelé, cru	13	0.8	2	0.2
20235	Oignon, surgelé, cru	27	1	5.4	0.1
20236	Poireau, surgelé, cru	27	1.4	3.4	0.3
20237	Salsifis, surgelé, cru	29	2.7	4.2	0.2
20238	Oignon rouge, cru	36	1.3	5.6	0.4
20239	Oignon jaune, cru	38	1.2	6.4	0
20240	Piperade basquaise, préemballée	65	1.1	6.5	3.8
20241	Cardon, cuit	19	0.8	3.6	0.1
20242	Tomate, pulpe et peau, bouillie/cuite à l'eau	16	1	2.8	0.1
20243	Pois mange-tout ou pois gourmands, cuits	41	3.5	5.9	0.4
20246	Petit pot légumes, dès 4-6 mois	26	0.9	3.8	0
20247	Petit pot légumes, avec féculent, dès 4/6 mois	42	1.3	6.5	0.8
20248	Plat légumes, avec féculent, dès 6-8 mois	43	1.2	6.9	0.7
20249	Plat légumes, avec féculent et lait/crème, dès 6-8 mois	70	2.4	9.1	2.3
20250	Plat légumes, avec féculent et lait/crème, dès 8-12 mois	78	2.1	8.1	3.5
20251	Plat légumes, avec féculent et lait/crème, dès 12 mois	72	2.9	8.5	2.3
20252	Soupe pour bébé légumes et pomme de terre	39	1	5.9	0.9
20253	Soupe pour bébé légumes, céréales et lait	60	1.5	7.2	2.5
20254	Plat légumes, avec féculent et lait/crème, dès 18 mois	70	2.6	8.6	2.4
20255	Échalote, cuite	63	2.1	13.5	0
20256	Tomate, séchée, à l'huile	187	4.3	13.4	11.7
20257	Haricots verts, purée	50	1.7	4.2	2.9
20258	Légumes (3-4 sortes en mélange), purée	62	1.9	4.3	3.4
20259	Brocoli, purée	24	2.5	2.8	0.4
20260	Tomate, coulis, appertisé (purée de tomates mi-réduite à 11%)	44	2.1	8.5	0.2
20261	Carotte, purée	32	0.9	5.1	0
20262	Poêlée de légumes assaisonnés sans champignon, surgelée, crue	81	2.6	12.1	1.8
20263	Légumes pour potages, surgelés, crus	34	1.4	4.7	0.4
20264	Courgette, purée	54	2.8	6.5	1.9
20265	Julienne ou brunoise de légumes, surgelée, crue	23	1.2	4.1	0.3
20266	Légumes pour ratatouille, surgelés	18	1	3.2	0.1
20267	Printanière de légumes, surgelée, crue (haricots verts, carottes, pomme de terre, petits pois, oignons)	44	2.4	8.5	0.1
20268	Tomate, double concentré, appertisé	93	3.7	17	0.3
20269	Haricot plat, cru	27	1.9	4.5	0.1
20270	Épinard, jeunes pousses pour salades, cru	18	2.1	0	0.4
20271	Macédoine de légumes, surgelée, pré-cuite (à recuire)	55	3.5	6.8	0.3
20272	Mesclun ou salade, mélange de jeunes pousses	18	2	2.5	0
20273	Poêlée de légumes assaisonnés à l'asiatiques ou wok de légumes, surgelée, crue	71	3.1	5.8	3.9
20274	Poêlée de légumes assaisonnés grillée, méridionale ou méditerranéenne, surgelée, crue	40	1.6	4.3	1.8
20275	Poivron rouge, appertisé, égoutté	28	0.9	4.4	0.8
20276	Tomate ronde, crue	20	0.5	3.6	0
20277	Asperge blanche, bouillie/cuite à l'eau	19	1.4	1.6	0.3
20278	Céleri-rave, purée	18	1.4	2.8	0.2
20279	Asperge, verte, crue	20	2.5	2	0.3
20280	Chou romanesco ou brocoli à pomme, cru	24	2.9	2.2	0.4
20282	Asperge, blanche ou violette, pelée, crue	23	2.5	2.5	0.3
20283	Salicorne (Salicornia sp.), fraîche	9	0.7	1.1	0.2
20284	Petits pois, purée	76	4.8	8	2.8
20285	Épinard, purée	55	3.7	5.2	2.2
20288	Salade sucrine, crue	18	1.1	2.6	0
20289	Tomate, pulpe et peau, rôtie/cuite au four	31	0.9	4.1	0.6
20290	Chou romanesco ou brocoli à pomme, cuit	36	3	2	0.8
20291	Potimarron, pulpe, cuit à l'étouffée	45	1.3	7.1	0.5
20292	Courge musquée, pulpe, cuite	31	1.1	5.2	0
20293	Haricot coco, bouilli/cuit à l'eau	131	9.6	13.7	0.5
20295	Salade feuille de chêne, crue	14	1.1	1	0
20296	Brèdes chou de Chine ou bok choy ou pak choï, tiges et feuilles, cuites à la vapeur, prélevées à La Réunion (Brassica rapa subsp. Chinensis)	18	1.7	1.7	0
20297	Chayote ou christophine ou chouchou, pulpe avec pépins, cuite à la vapeur, prélevée à La Réunion (Sechium edule)	22	0.6	3.5	0
20298	Carotte, purée cuisinée à la crème, préemballée	44	1.4	4.6	1.6
20299	Asperge verte, bouillie/cuite à l'eau	27	2.7	1.7	0.3
20300	Aubergine, pulpe et peau, rôtie/cuite au four	34	1.3	3.8	0
20301	Bette ou blette, côte et feuille, bouillie/cuite à l'eau	17	0.9	1.4	0.3
20302	Brocoli, bouilli/cuit à l'eau, croquant	24	2.5	1.2	0.4
20303	Brocoli, bouilli/cuit à l'eau, fondant	23	2.2	1	0.5
20304	Brocoli, cuit à la vapeur	38	4.1	2.5	0.7
20305	Carotte, bouillie/cuite à l'eau, croquante	36	0.8	6.3	0
20306	Carotte, bouillie/cuite à l'eau, fondante	32	0	5.7	0
20307	Carotte, cuite à la vapeur	42	0.6	7.3	0.3
20308	Chou blanc, bouilli/cuit à l'eau	24	1	3.2	0
20309	Chou de Bruxelles, bouilli/cuit à l'eau	45	3.2	5.4	0
20310	Chou rouge, cuit à l'étouffée	35	1.2	5.7	0
20311	Chou vert, bouilli/cuit à l'eau	22	1.6	1.8	0
20312	Chou-fleur, cuit à la vapeur	30	2.6	3.4	0.3
20313	Courgette, pulpe et peau, rôtie/cuite au four	23	1.5	3.1	0
20314	Céleri branche, cuit à l'étouffée	17	0.8	2.5	0
20315	Céleri rave, bouilli/cuit à l'eau	26	0.9	4.3	0.3
20316	Endive, rôtie/cuite au four	24	1.1	4.4	0
20317	Fenouil, cuit à l'étouffée	14	0	1.9	0
20318	Haricot beurre, bouilli/cuit à l'eau	35	2.2	4.5	0.3
20320	Haricot vert, bouilli/cuit à l'eau	28	1.8	3.4	0
20321	Navet, bouilli/cuit à l'eau	21	0.8	3.2	0
20322	Oignon blanc ou jaune, sauté/poêlé sans matière grasse	40	1.6	6.7	0
20323	Oignon nouveau ou oignon frais ou cébette, sauté/poêlé sans matière grasse	28	1.1	3.6	0.3
20324	Oignon rouge, sauté/poêlé sans matière grasse	42	1.7	7.6	0
20325	Panais, cuit à l'étouffée	91	1.9	16.6	0.5
20326	Petits pois, bouillis/cuits à l'eau	80	6.4	9.9	0.6
20327	Poireau, bouilli/cuit à l'eau	27	2.6	2.2	0
20328	Poivron jaune, sauté/poêlé sans matière grasse	36	1	5.3	0.6
20329	Poivron rouge, sauté/poêlé sans matière grasse	36	0.9	6.5	0
20330	Poivron vert, sauté/poêlé sans matière grasse	29	1.3	3.5	0.3
20331	Potimarron, pulpe, bouilli/cuit à l'eau	38	1.1	6.9	0.3
20332	Potiron, rôti/cuit au four	30	0	5.7	0
20333	Salsifis, bouilli/cuit à l'eau	58	2.6	9.3	0
20334	Tomate, rôtie/cuite au four	25	1	3.5	0.4
20335	Échalote, sautée/poêlée sans matière grasse	67	2	12.3	0.4
20336	Épinard, bouilli/cuit à l'eau	28	3.4	0	0.7
20337	Saucisse végétale au tofu (convient aux véganes ou végétaliens), préemballée	231	13.4	5.7	16.3
20338	Quenelle au tofu (ne convient pas aux véganes ou végétaliens), préemballée	136	11	5	7.2
20496	Légumes pour couscous, surgelés, crus	47	2.1	6.8	0.7
20497	Légumes pour couscous, cuits	20	1.5	2.6	0.4
20498	Poêlée de légumes assaisonnés aux champignons ("champêtre"), surgelée	33	1.9	3.6	1.2
20499	Légume cuit (aliment moyen)	44	2.1	5.8	0.3
20500	Fève, bouillie/cuite à l'eau	83	8.1	9.4	0.8
20501	Haricot blanc, sec	268	19.1	43.9	1.8
20502	Haricot blanc, bouilli/cuit à l'eau	112	6.8	12	1.1
20503	Haricot rouge, bouilli/cuit à l'eau	116	9.6	12.3	0.6
20504	Lentille, sèche	316	25.4	50.6	1.3
20505	Lentille, bouillie/cuite à l'eau	88	9	12.2	0.4
20506	Pois cassé, bouilli/cuit à l'eau	113	8.6	16.3	1.5
20507	Pois chiche, bouilli/cuit à l'eau	147	8.3	17.7	3
20508	Haricot flageolet, appertisé, égouttés	80	6.1	12.2	0.8
20510	Lentille, cuisinée, appertisée, égouttée	78	6.3	11.8	0.6
20511	Haricot blanc, appertisé, égoutté	73	6.6	10.9	0.4
20513	Haricot flageolet, bouilli/cuit à l'eau	112	6.8	12	1.1
20515	Pois cassé, sec	312	22.8	52	1.4
20516	Pois chiche, sec	325	20.5	47.5	5.9
20517	Fève à écosser, fraîche	50	6.8	4.2	0.7
20518	Fève, sèche	251	26.1	33.3	1.5
20521	Lentille, germée	117	8.9	19	0.6
20524	Haricot rouge, appertisé, égoutté	94	8.3	13	1
20525	Haricot rouge, sec	284	22.5	46.1	1.1
20530	Haricot mungo, sec	301	24.5	47.6	1.4
20531	Haricot mungo, bouilli/cuit à l'eau	83	7.5	11.9	0.6
20532	Pois chiche, appertisé, égoutté	111	6.7	15	2.7
20534	Lupin, graine crue	318	36.2	21.5	9.7
20535	Lentille corail, sèche	298	27.7	44.9	0.8
20536	Fève, fraîche, surgelée	64	7.5	8	0.2
20537	Haricot flageolet, surgelé	146	9.3	25.6	0.7
20539	Haricot flageolet, vert, sec	268	19.1	42.1	2.6
20540	Haricot flageolet, vert, bouilli/cuit à l'eau	96	5.6	15.8	1.1
20541	Fève, pelée, surgelée, crue	122	14.9	14.9	0.3
20542	Fève, pelée, surgelée, cuite à l'eau	66	6.4	9	0.5
20543	Fève, surgelée, bouillie/cuite à l'eau	52	5.6	7.4	0
20581	Arachide, bouillie/cuite à l'eau, salée	298	15.5	9.5	22
20584	Tomate grappe, crue	20	0.5	3	0
20585	Lentille verte, sèche	295	25.1	44.5	1.8
20586	Lentille blonde, sèche	315	26.1	48.3	1.9
20587	Lentille verte, bouillie/cuite à l'eau	127	10.1	16.2	0.6
20588	Lentille blonde, bouillie/cuite à l'eau	110	9.7	16.3	0.7
20589	Lentille corail, bouillie/cuite à l'eau	107	10.6	15	0.5
20590	Crosne, cuit	51	2.1	9.1	0
20591	Protéine de soja texturée, réhydratée	150	18.6	7	2.9
20700	Légume sec, cuit (aliment moyen)	88	8.4	12.1	0.6
20800	Banane jaune, pulpe, cuite à la vapeur, prélevée à la Martinique	5	1.1	0	0.1
20801	Chips de giraumon (variété locale), pulpe, prélevé à la Martinique	49	0	12.3	0
20802	Chips de giraumon (variété phoenix), pulpe, prélevé à la Martinique	56	0	13.9	0
20803	Chou dur ou chou caraïbe, pulpe, cuit à la vapeur, prélevé à la Martinique	13	3.3	0	0
20804	Christophine à peau blanche, pulpe, cuite à la vapeur, prélevée à la Martinique	29	1.2	5.9	0
20805	Christophine à peau verte, pulpe, cuite à la vapeur, prélevée à la Martinique	24	1.2	4.6	0
20808	Concombre, pulpe avec graines, cru, prélevé à la Martinique	8	0.7	0	0.6
20809	Concombre, pulpe, cru, prélevé à la Martinique	4	0.4	0	0.3
20810	Cresson, feuille, cru, prélevé à la Martinique	10	2.3	0	0.1
20811	Dachine, pulpe, cuit à la vapeur, prélevé à la Martinique	7	1.2	0	0.3
20812	Farine de pulpe de patate douce, prélevée à la Martinique	200	0	50.1	0
20813	Fruit à pain, pulpe, cuit à la vapeur, prélevé à la Martinique	6	1.3	0	0.1
20814	Giraumon (variété locale), pulpe, cuit à la vapeur, prélevé à la Martinique	23	1.1	4.5	0.1
20815	Giraumon (variété locale), pulpe, cuit à la vapeur, surgelé, prélevé à la Martinique	15	0	3.8	0
20816	Giraumon (variété locale), pulpe, râpé, cru, prélevé à la Martinique	10	0	2.4	0
20817	Giraumon (variété phoenix), pulpe, cuit à la vapeur, prélevé à la Martinique	27	1	5.6	0.1
20818	Giraumon (variété phoenix), pulpe, râpé, cru, prélevé à la Martinique	14	0	3.5	0
20819	Giraumon (variété phoenix), pulpe, surgelé, cuit à la vapeur, prélevé à la Martinique	17	0	4.4	0
20821	Gombo, entier, cuit à la vapeur, prélevé à la Martinique	29	1.8	4.7	0.3
20822	Gombo, pulpe, blanchi, surgelé, prélevé à la Martinique	23	0.2	5.3	0.1
20823	Igname cousse-couche, pulpe, cuit à la vapeur, prélevé à la Martinique	81	1.7	17.9	0.3
20824	Igname jaune, pulpe, cuit à la vapeur, prélevé à la Martinique	122	2	27.6	0.4
20825	Igname saint martin, pulpe, cuit à la vapeur, prélevé à la Martinique	85	2.3	18.4	0.3
20826	Topinambour, pulpe, cuit à la vapeur, prélevé à la Martinique	7	1.2	0	0.2
20827	Kamanioc, pulpe, cuit à la vapeur, prélevé à la Martinique	2	0.6	0	0
20828	Massissi, pulpe, cru, prélevé à la Martinique	18	2.6	0	0.8
20829	Papaye, pulpe, crue, prélevée à la Martinique	3	0.7	0	0
20830	Papaye, pulpe, cuite à la vapeur, prélevée à la Martinique	3	0.6	0	0
20831	Patate douce, pulpe, blanchie, surgelée, prélevée à la Martinique	77	0	19.3	0
20832	Patate douce, pulpe, cuite à la vapeur, prélevée à la Martinique	107	1.5	25.2	0.1
20833	Pois d'angole, entier, cuit à la vapeur, prélevé à la Martinique	72	16.3	0	0.7
20834	Ti nain, pulpe, cuit à la vapeur, prélevé à la Martinique	5	1.1	0	0.1
20835	Tomate, entière, crue, prélevée à la Martinique	5	1.1	0	0.1
20900	Farine de soja	460	35.8	22.9	21.4
20901	Soja, graine entière	432	34.5	20.8	19.2
20904	Tofu nature, préemballé	148	13.4	2.9	8.5
20906	Tofu soyeux, préemballé	54	4.6	1.5	2.9
20911	Dessert au soja, aromatisé, sucré, enrichi en calcium, préemballé	95	3.3	15.3	1.9
20912	Tofu fumé, préemballé	164	14.9	2.9	9.5
20914	Escalope végétale ou steak à base de soja	229	15.5	8.7	14.7
20916	Miso	163	10.7	18.1	5.3
20917	Tempeh	157	16.1	7.9	4.7
20918	Sirop pour fruits appertisés au sirop	74	0	18.4	0
20919	Sirop léger pour fruits appertisés au sirop	61	0.3	15	0
20920	Jus d'ananas pour ananas appertisé au jus	55	0	13.7	0
20921	Dessert au soja, aromatisé, sucré, non enrichi, préemballé	93	2.7	16	1.7
20922	Dessert végétal sans soja (amande, avoine, chanvre, coco, riz), aromatisé, sucré, non enrichi, préemballé	148	1.7	15.8	8
20923	Dessert végétal sans soja (coco, riz), aux fruits, sucré, enrichi en calcium, fermenté, préemballé	77	0	16	1
20924	Sirop léger pour poire appertisée	61	0	14.6	0
20984	Wakamé (Undaria pinnatifida), séchée ou déshydratée	184	14.1	5.7	2.5
20985	Laitue de mer (Ulva sp.), séchée ou déshydratée	206	15.9	13.8	2
20986	Kombu royal (Saccharina latissima), séchée ou déshydratée	204	10.3	23.6	1.1
20987	Nori (Porphyra sp.), séchée ou déshydratée	255	31.5	10.5	1.6
20988	Dulse (Palmaria palmata), séchée ou déshydratée	227	17.2	22.6	1.3
20990	Kombu ou kombu japonais (Laminaria japonica), séchée ou déshydratée	224	8.4	24.2	2.7
20991	Kombu breton (Laminaria digitata), séchée ou déshydratée	217	9.5	25.6	1.1
20992	Haricot de mer (Himanthalia elongata), séchée ou déshydratée	239	10.1	28.3	2.6
20993	Gracilaire ou ogonori (Gracilaria verrucosa), séchée ou déshydratée	243	16.5	18.8	3.5
20994	Fucus vésiculeux (Fucus serratus ou Fucus vesiculosus), séché ou déshydraté	194	7.4	15.7	1.3
20995	Ao-nori (Enteromorpha sp.), séchée ou déshydratée	224	13.7	18.8	2.5
20996	Lichen de mer ou pioca ou goémon rouge (Chondrus crispus), séché ou déshydraté	234	16.6	21.5	2.3
20998	Ascophylle noueux ou goémon noir (Ascophyllum nodosum), séché ou déshydraté	211	7.2	18.5	2.8
20999	Wakamé atlantique (Alaria esculenta), séchée ou déshydratée	187	12.3	6.3	1.5
21001	Mouton, viande, crue	137	20.6	0	6.1
21003	Mouton, épaule, crue	204	18.3	0.1	14.5
21004	Mouton, pied, cru	204	18.1	0	14.6
21005	Mouton, tête, crue	204	18.1	0	14.6
21006	Mouton, gigot, cru	225	18	0	17
21500	Agneau, côtelette, crue	368	14.4	0	34.5
21501	Agneau, côtelette, grillée	240	25.7	0	15.2
21502	Agneau, gigot, cru	128	20	0.5	5.1
21503	Agneau, gigot, rôti/cuit au four	169	26.8	0	6.9
21504	Agneau, épaule, crue	170	18.3	0.5	10.6
21505	Agneau, épaule, maigre, crue	139	19.6	0	6.8
21506	Agneau, épaule, rôtie/cuite au four	252	30.5	0	14.5
21507	Agneau, épaule, maigre, rôtie/cuite au four	197	24.9	0	10.8
21508	Agneau, collier, braisé ou bouilli	365	33.6	0	25.6
21509	Agneau, côte filet, grillée/poêlée	157	26.3	0	5.8
21512	Agneau, côte première, grillée/poêlée	185	26.1	0	9
21513	Agneau, selle, partie maigre, rôtie/cuite au four	153	26.1	0	5.5
21514	Agneau, collier, cru	195	18	0	13.7
21515	Agneau, selle, crue	236	17.5	0	18.4
21516	Agneau, côte filet, crue	242	17.6	2.3	18
21517	Agneau, côte première, crue	276	16.9	0	23.1
21518	Agneau, gigot, grillé/poêlé	174	27.6	0	7.1
21519	Agneau, gigot, braisé	222	35.2	0	9
21520	Agneau, selle, partie maigre, grillée/poêlée	153	26.1	0	5.5
21521	Agneau, côte ou côtelette, crue (aliment moyen)	273	16.3	0.9	22.6
21522	Agneau, côte ou côtelette, cuite (aliment moyen)	157	26.3	0	5.8
21523	Agneau, viande, cuite (aliment moyen)	208	28.1	0	10.6
21524	Agneau, côte ou côtelette, grillée/poêlée (aliment moyen)	157	26.3	0	5.8
21525	Agneau, côte découverte, crue	205	16.3	1.4	15
21800	Chevreau, cru	103	20.6	0	2.3
21801	Chevreau, cuit	136	27.1	0	3
22000	Oeuf, cru	140	12.7	0.3	9.8
22001	Oeuf, blanc (blanc d'oeuf), cru	48	10.8	0.9	0.2
22002	Oeuf, jaune (jaune d'oeuf), cru	307	15.5	1.1	26.7
22003	Oeuf, jaune (jaune d'oeuf), en poudre	660	34.1	2.8	57
22004	Oeuf, blanc (blanc d'oeuf), en poudre	356	81.2	7.7	0
22008	Oeuf, blanc (blanc d'oeuf), cuit	47	10.3	1.1	0.2
22009	Oeuf, jaune (jaune d'oeuf), cuit	340	16	1.3	30.1
22010	Oeuf, dur	134	13.5	0.5	8.6
22011	Oeuf, poché	138	12.5	0.7	9.5
22013	Oeuf, en poudre	582	47.9	3.1	42
22014	Oeuf, à la coque	142	12.2	1.1	9.8
22050	Oeuf de caille, cru	154	13.1	0.4	11.1
22060	Oeuf de cane, cru	181	13	1.3	13.8
22070	Oeuf d'oie, cru	180	13.8	1.4	13.3
22080	Oeuf de dinde, cru	166	13.7	1.1	11.9
22501	Oeuf, au plat, frit, salé	204	14.3	0.7	16
22502	Oeuf, brouillé, avec matière grasse	145	10	1.6	11
22505	Oeuf, au plat, sans matière grasse	147	13.8	1	9.7
22506	Omelette au fromage	255	17.7	2.6	19.3
22507	Omelette aux lardons	267	12.5	1.5	23.5
22508	Omelette aux champignons	125	8.1	2.3	9.2
22509	Omelette aux fines herbes	147	9.5	2	11.2
22510	Tortilla espagnole aux oignons (omelette aux pommes de terre et oignons), préemballée	165	5.6	11.7	9.9
22511	Omelette, garnitures diverses : légumes, fromages, viandes... (aliment moyen)	184	9.8	5.1	13.5
23000	Gâteau (aliment moyen)	395	5.3	53.5	17.8
23005	Gâteau Paris-Brest (pâte à choux crème mousseline praliné)	350	5.4	26.1	24.9
23006	Gâteau au chocolat type forêt noire (génoise au chocolat et crème multi-couches, avec ou sans cerises)	324	4.1	34.2	19
23007	Gâteau mousse de fruits sur génoise, type miroir, bavarois	252	3.9	31.6	12.2
23008	Entremets type Opéra	395	5.2	39.6	24
23009	Fraisier ou framboisier	260	3.3	26.7	15.5
23021	Baba au rhum	243	2.3	36.3	9.9
23022	Canelé	292	5.3	59.4	3.7
23024	Macaron moelleux fourré à la confiture ou à la crème	430	10	49.7	21.2
23027	Macaron sec	430	6.9	77.7	10.2
23030	Bûche de Noël pâtissière	317	4.2	30.7	19.7
23032	Brownie au chocolat, préemballé	458	5.9	50.6	25.4
23033	Rocher coco ou Congolais (petit gâteau à la noix de coco)	450	4.5	53.7	24.1
23050	Biscuit de Savoie	256	5.9	56.3	0.8
23080	Quatre-quarts, fabrication artisanale	438	5.9	46	25.6
23081	Quatre-quarts, préemballé	432	5.9	48.2	23.9
23082	Barre pâtissière, préemballé	374	5.4	54.7	14.9
23103	Gâteau au citron, tout type	428	5	54	21.3
23121	Far aux pruneaux	221	5.1	32	8
23122	Kouign Amann	444	5.8	48.7	25.1
23200	Pain d'épices	308	2.9	71.5	1.1
23220	Pain d'épices fourré ou nonette	343	4	76	2.5
23300	Baklava ou Baklawa (pâtisserie orientale aux amandes et sirop)	459	10.4	49.2	24.5
23301	Corne de gazelle (pâtisserie orientale aux amandes et sirop)	474	8.6	60.2	22.1
23402	Pâte à pizza fine, crue	279	7.7	44.6	7
23410	Pâte brisée, crue	377	5.4	43.6	19.5
23412	Pâte brisée, matière grasse végétale, cuite	505	7.5	58.3	26.4
23414	Pâte brisée, pur beurre, crue	384	5.8	44.9	19.5
23415	Pâte brisée, pur beurre, surgelée, crue	387	5.7	43.3	20.7
23416	Pâte brisée, pur beurre, cuite	497	7.6	61.1	23.9
23420	Pâte feuilletée, matière grasse végétale, crue	377	5.4	41.4	20.4
23421	Pâte feuilletée, surgelée, crue	400	3.3	33.3	27.4
23422	Pâte feuilletée, cuite	531	7.2	54.1	31
23424	Pâte feuilletée pur beurre, crue	368	5.6	39.7	20.1
23425	Pâte feuilletée pur beurre, surgelée crue	398	5	35.3	25.8
23426	Pâte feuilletée pur beurre, cuite	509	4.6	57	28.7
23430	Feuille de brick, cuite à sec sans matière grasse	378	6.2	82.4	1.8
23440	Pâte sablée, crue	404	5.3	51	19.6
23442	Pâte sablée, cuite	505	5.7	64.4	24.6
23444	Pâte sablée pur beurre, crue	383	6	53.6	15.8
23445	Pâte phyllo ou Pâte filo, crue	289	7.1	50.8	6
23446	Pâte sablée pur beurre, surgelée, crue	423	4.9	60.9	17.5
23448	Pâte sablée pur beurre, cuite	469	6.2	63	20.9
23455	Chou à la crème (chantilly ou pâtissière)	325	4.5	25.2	22.9
23456	Chou à la crème chantilly, Saint-honoré	348	4.6	22.9	26.4
23457	Chou à la crème pâtissière	223	4.3	34.9	7.3
23467	Chouquette	381	7.8	42.6	18.6
23472	Profiterole avec glace vanille et sauce chocolat	286	5.4	31.4	14.9
23474	Profiteroles (crème pâtissière et sauce chocolat), préemballées	273	5.5	34.3	12.2
23477	Éclair	256	5.8	31.6	11.8
23479	Tarte aux fruits et crème pâtissière	201	2.9	30	7.7
23480	Chausson aux pommes	338	4.2	36.6	18.7
23481	Tarte normande aux pommes (garniture farine, oeufs, crème, sucre, calvados)	313	4.4	38.7	15
23485	Tarte au citron	379	5	42.7	20.9
23490	Tarte ou tartelette aux pommes	220	2.5	32.7	8.8
23491	Tarte aux fraises	315	3.2	31	19.8
23493	Crumble aux pommes	229	2.2	33.8	9.5
23494	Tarte aux abricots	273	3.2	41	10.7
23495	Tarte aux fruits rouges	230	3.5	38.5	6.9
23496	Tarte Tatin aux pommes	241	2.3	37.1	9.3
23497	Tarte au chocolat, fabrication artisanale	464	5.9	40.9	30.7
23499	Tarte ou tartelette aux fruits	298	3.7	46.9	10.6
23525	Flan pâtissier aux oeufs ou à la parisienne	234	3.8	29.2	11.3
23531	Charlotte aux fruits	193	5.2	28.2	6.6
23534	Gâteau de semoule aux raisins et caramel, rayon frais	146	3.8	24.8	3.4
23535	Gâteau de semoule, appertisé	150	2.9	27.4	3
23536	Gâteau de riz au caramel, rayon frais	143	3.2	25.4	3.1
23585	Gâteau au chocolat	436	5.7	54.6	21.6
23586	Gâteau moelleux au chocolat, préemballé	434	6.2	48.2	24
23588	Gâteau au yaourt	423	5.9	51.8	21.4
23589	Gâteau au fromage blanc	237	6.2	27	11.6
23594	Gâteau moelleux nature type génoise	383	5.7	57.6	14.4
23680	Galette des rois feuilletée	349	5	29.8	23.3
23684	Galette des rois feuilletée, fourrée frangipane, et Pithiviers	434	7.6	33.4	30
23799	Crêpe, nature, préemballée, rayon frais	251	6.5	40	7.2
23800	Crêpe, nature, préemballée, rayon température ambiante	393	8.5	58.1	14.1
23801	Galette de sarrasin, nature, préemballée	158	6	30.1	1.5
23802	Gâteau basque, crème pâtissière	365	4	57.4	13.3
23803	Gâteau basque, cerises	392	4.3	63.3	13.5
23805	Blini	260	6	33.7	11.2
23815	Crêpe fourrée au sucre, préemballée	403	6.6	58.7	15.8
23820	Crêpe fourrée à la confiture, maison	294	6.5	54	5.7
23821	Crêpe fourrée au chocolat ou à la pâte à tartiner chocolat et noisettes, maison	381	8.1	54.3	14.6
23829	Crêpe fourrée chocolat, préemballée	444	6.4	58.7	20.4
23830	Crêpe fourrée fraise, préemballée	348	5.4	66.7	6.6
23849	Gaufre fine fourrée au miel, préemballée	455	4.6	67	18.3
23850	Gaufre bruxelloise ou liégeoise, préparation artisanale	297	8	36.1	13.4
23851	Gaufre moelleuse (type bruxelloise ou liégeoise), nature ou sucrée, préemballée	465	7.1	52.5	25.2
23852	Gaufre moelleuse (type bruxelloise ou liégeoise), chocolatée, préemballée	463	6.1	55.9	23.9
23853	Gaufre croustillante (fine ou sèche), nature ou sucrée, préemballée	447	5.2	66.4	17.9
23854	Gaufre croustillante (fine ou sèche), chocolatée, préemballée	452	6.9	70	16
23880	Beignet rond moelleux, sans fourrage, saupoudré de sucre	404	7.3	39.4	23.7
23881	Beignet à la confiture	378	6.4	45.6	18.7
23884	Beignet fourré aux fruits, préemballé	362	5.7	47.6	16
23885	Beignet fourré goût chocolat, préemballé	420	7.3	45.9	22.5
23900	Pâtisserie (aliment moyen)	351	5	44	17.2
23909	Cake aux fruits, préemballé	360	4.2	55.2	12.6
23925	Gâteau marbré, prémballé	432	5.8	50.5	23
23930	Gâteau sablé aux fruits, préemballé	423	5.1	63.9	16.3
23937	Gâteau moelleux aux fruits, prémballé	398	4.6	61.6	14.8
23938	Gâteau moelleux aux fruits à coque, prémballé	450	6.2	48.8	25.5
23939	Gâteau moelleux fourré au chocolat ou aux pépites de chocolat ou au lait, prémballé	459	5.3	60.7	21.7
23940	Génoise fourrée et nappée au chocolat, prémballé	422	5.5	53.3	20.8
23941	Gâteau moelleux fourré aux fruits type mini-roulé ou mini-cake fourré, prémballé	333	4.4	64.2	6.5
23950	Muffin, aux myrtilles ou au chocolat	429	5.6	48.9	23.4
24000	Biscuit sec, sans précision	473	6.9	65	20.6
24001	Biscuit sec nature	443	6.8	70	15.1
24002	Biscuit sec à teneur garantie en vitamines	457	9.6	72.6	14.2
24003	Biscuit sec à teneur garantie en vitamines et minéraux	469	10.8	61.9	19.8
24004	Biscuit sec aux fruits, hyposodé	431	10.8	61.4	15.8
24005	Biscuit sec aux fruits hyposodé, sans sucres ajoutés	468	22.7	47.6	20.7
24007	Biscuit sec croquant au chocolat, allégé en matière grasse	403	7	69	11
24008	Biscuit sec fourré aux fruits, allégé en matière grasse	385	4.7	75.3	7.2
24009	Spéculoos	477	5.9	69	19.7
24010	Biscuit sec, avec matière grasse végétale	434	7.2	74.7	11.8
24011	Biscuit sec, petits fours en assortiment	509	6.4	61.4	26.4
24015	Biscuit sec petit beurre	439	8.1	74.5	12.1
24016	Biscuit sec avec tablette de chocolat	497	6.6	63.3	24.1
24017	Biscuit sec petit beurre au chocolat	457	7.2	71.1	16
24030	Biscuit sec au lait	432	8.3	73.9	11.5
24031	Biscuit sec croquant (ex : tuile) sans chocolat, allégé en matière grasse	422	5.6	80.1	8.8
24034	Biscuit sec pour petit déjeuner	441	7.8	65.8	16.3
24035	Biscuit sec pour petit déjeuner, allégé en sucres	440	7.7	66.3	16
24036	Biscuit sec chocolaté, préemballé	515	6.4	61.7	26.9
24037	Biscuit sec fourré à la pâte ou purée de fruits	377	4.4	69.2	9.1
24038	Biscuit sec avec nappage chocolat	500	6.9	61.9	25
24039	Barre biscuitée fourrée aux fruits, allégée en matière grasse	380	3.3	75.7	7.1
24040	Biscuit sec pour petit déjeuner, au chocolat	454	6.5	69.7	16.6
24041	Biscuit aux céréales pour petit déjeuner, enrichis en vitamines et minéraux	445	7.4	67.7	15.7
24049	Biscuit sec au beurre, sablé, galette ou palet	489	6.4	64.8	22.7
24050	Biscuit sec au beurre, sablé, galette ou palet, au chocolat	498	6.6	61	25.3
24051	Biscuit sec chocolaté, type barquette	478	7.4	60.9	22.8
24052	Biscuit sec chocolaté, type tartelette	500	6.7	60.2	25.8
24053	Biscuit sec chocolaté, type galette	494	6.8	63.7	23.5
24054	Biscuit sec, sablé, galette ou palet, aux fruits	468	5.9	67.6	19.3
24055	Biscuit sec fourré fruits à coque (non ou légèrement chocolaté)	511	5.5	59.8	27.2
24056	Florentin (biscuit sec sucré chocolaté aux amandes)	514	9.3	50.7	28.7
24060	Biscuit pâtissier meringué	530	7.4	56	30.7
24070	Sablé à la noix de coco	475	7.1	66.5	20.1
24071	Sablé pâtissier, artisanal	477	8.4	59.4	22.9
24072	Sablé aux fruits (pomme, fruits rouges, etc.)	477	5.9	66	21.1
24080	Sablé au cacao ou chocolat, au praliné ou autre	493	6.6	61.2	24.6
24225	Goûter sec fourré ("sandwiché") parfum lait ou vanille	474	5.4	71.2	18.6
24231	Goûter sec fourré ("sandwiché") parfum chocolat	460	6.7	67.9	18
24240	Goûter sec fourré ("sandwiché") parfum fruits	476	6.6	73.3	17.4
24300	Gaufrette ou éventail sans fourrage	415	9	76.8	8
24311	Gaufrette fourrée chocolat, préemballée	523	6.4	57.2	29.8
24312	Gaufrette fourrée fruits à coque (noisette, amande, praline, etc.), chocolatée ou non, préemballée	505	7.3	59.6	26.4
24313	Gaufrette, fourrée vanille, préemballée	538	5.8	60.1	30.1
24320	Gaufrette fourrée, aux fruits	362	4.4	82.4	1.6
24360	Cigarette	521	5.3	63	27.5
24370	Crêpe dentelle	453	6.3	72.1	15.5
24371	Crêpe dentelle au chocolat, préemballée	491	5.9	67.9	21.8
24430	Biscuit sec aux oeufs à la cuillère (cuiller) ou Boudoir	385	8	79.9	3.8
24441	Biscuit sec type langue de chat ou cigarette russe	431	5.7	77.9	10.7
24520	Meringue	394	4.1	94.3	0
24615	Biscuit sec ou tuile, aux amandes	471	7.8	68	18.1
24616	Biscuit sec type tuile, aux fruits	384	5.4	74.9	8.3
24630	Madeleine, pur beurre, préemballée	462	5.6	52.6	25.5
24631	Madeleine au chocolat, préemballée	454	6.1	51.5	24.9
24632	Madeleine ordinaire, préemballée	462	5.2	53.5	25.2
24659	Biscuit sec feuilleté, type palmier ou autres	515	6.1	60.5	27.6
24660	Palmier, artisanal	490	5.9	53.1	28.2
24663	Tarte aux poires amandine	305	4.9	37.7	14.9
24664	Gâteau aux amandes type financier	460	9.1	44.3	27.4
24665	Gâteau aux amandes, préemballé	419	5.8	60.1	17.3
24666	Mille-feuille	292	3.9	43.7	11.3
24678	Biscuit sec (génoise) nappage aux fruits, type barquette	341	4.4	74.4	2.1
24679	Biscuit sec nappé aux fruits, tartelette	432	4.7	71.3	14.2
24680	Biscuit moelleux fourré à l'orange et enrobé de sucre glace	351	4.3	79.3	1.9
24684	Cookie aux pépites de chocolat	495	6.5	59	25.9
24685	Cône ou cornet classique, pour glace	397	7.5	80.4	5
24686	Génoise sèche fourrée aux fruits et nappée de chocolat	386	3.2	69.5	10.6
24689	Biscuit pour bébé	439	7.5	73.3	12.3
24690	Biscuit sec pauvre en glucides	425	20.8	43.8	18.5
24999	Dessert (aliment moyen)	281	4.6	36.6	12.9
25001	Blanquette de veau	113	15.4	3.1	4
25002	Cassoulet, appertisé	129	8.1	9.4	5.8
25003	Choucroute garnie, préemballée	109	5.1	2.8	8.1
25009	Hachis parmentier à la viande, préemballé	138	6	9.4	8.2
25010	Petit salé ou saucisse aux lentilles, préemballé	118	8.2	8.9	4.9
25013	Pot-au-feu, préemballé	78	10.9	3.2	2
25018	Ratatouille cuisinée, préemballée	53	1.2	5	3.2
25019	Ravioli à la viande, sauce tomate, appertisé	95	4.2	12.5	2.8
25020	Soufflé au fromage	184	12.9	3.8	12.6
25026	Épinards à la crème, préemballés	53	2.5	4.1	2.9
25029	Couscous au mouton	149	8.3	12.2	7.2
25031	Paëlla	148	7.9	17.1	4.9
25033	Boeuf bourguignon	85	8.9	4.2	3.3
25035	Sauté d'agneau au curry, préemballé	167	10.5	0	13.9
25037	Gratin ou cassolette de poisson et / ou fruits de mer, préemballé, cru	105	6.1	8.4	5.1
25038	Gratin ou cassolette de poisson et / ou fruits de mer, préemballé, cuit	117	6.7	5.3	7.5
25043	Couscous à la viande ou au poulet, préemballé, allégé	91	5.9	11.5	1.9
25052	Gratin d'aubergine, préemballé	108	2	5.5	8.7
25056	Gratin dauphinois	109	3.4	14.5	4.2
25057	Poêlée de pommes de terre préfrites, lardons ou poulet, et autres, sans légumes verts, préemballée	168	3.2	16.2	9.6
25058	Canard en sauce (poivre vert, chasseur, etc.), préemballé	145	9.6	10.2	7.3
25063	Lapin à la moutarde, préemballé	108	14.9	0.5	5
25065	Boeuf aux carottes	97	13.2	3.3	3.2
25071	Potée auvergnate (chou et porc)	82	6	3.7	4.3
25073	Endive au jambon	105	7.4	4.7	6.3
25077	Saumon à l'oseille, préemballé	133	8.4	7.4	7.7
25081	Lasagnes ou cannelloni à la viande (bolognaise)	134	6.3	13.5	5.7
25085	Pâtes à la bolognaise (spaghetti, tagliatelles)	116	5.3	13.6	4.1
25086	Poisson blanc à la bordelaise, préemballé	176	14.8	5.3	10.4
25088	Riz cantonais	164	5.5	23.6	4.9
25089	Cordon bleu de volaille, préemballé	226	14	14.6	12.2
25098	Cassoulet au porc, appertisé	132	8.3	8.6	6.3
25099	Cassoulet au canard ou oie, appertisé	161	10.5	10.1	7.9
25101	Gratin de chou-fleur, préemballé	84	3	3.3	6.5
25103	Tomate farcie	122	5.5	2	9.7
25106	Chou farci, préemballé	95	5.3	2	6.6
25107	Couscous au poisson	105	7.5	14.2	1.6
25108	Samossa ou Samoussa, préemballé, cuit	230	9.3	16.5	13.7
25110	Ravioli chinois à la vapeur à la crevette, cuit	190	5.5	27.8	5.5
25111	Chili con carne, préemballé	118	7.1	13	3.4
25121	Coq au vin	133	13	4	7
25122	Gratin de pâtes	179	7.1	16.4	9.2
25123	Moussaka	147	5.8	5.2	10.8
25124	Navarin d'agneau aux légumes	133	8.1	5	8.6
25125	Paupiette de veau	193	14.5	2.6	13.8
25126	Paupiette de volaille	164	23.9	8.8	3.4
25127	Couscous royal (avec plusieurs viandes), préemballé	132	7.7	14	4.5
25128	Poisson blanc à la provençale ou niçoise (sauce tomate), préemballé	75	9.3	3.1	2.3
25131	Lasagnes ou cannellonis aux légumes, préemballées, cuits	103	2.8	11	4.9
25135	Pâtes à la carbonara (spaghetti, tagliatelles)	161	5.9	14.2	8.7
25137	Tartiflette, préemballée	161	6	13.5	8.9
25138	Couscous au poulet	130	7.5	15.6	3.9
25139	Lasagnes ou cannellonis au poisson, préemballées	148	7.3	13	7.1
25140	Poisson blanc à la florentine (sauce aux épinards), préemballé	100	11.4	2.9	4.4
25141	Poisson blanc à la marinière (sauce aux oignons, vin blanc, moules), préemballé	80	11.5	2.2	2.8
25142	Poisson blanc à la sauce moutarde, préemballé	91	9.2	5.4	3.6
25143	Poisson blanc à la parisienne (sauce aux champignons), préemballé	80	9.2	3	3.3
25145	Poisson blanc à l'estragon, préemballé	77	8.8	4.2	2.8
25146	Poisson blanc sauce oseille, préemballé	114	11.8	3.9	5.5
25149	Pâtes fraîches farcies (ex : raviolis, tortellinis, ravioles du Dauphiné), au fromage, cuites	226	10	26.8	8.3
25150	Couscous de légumes, préemballé	108	4.3	16.4	2.3
25151	Feuilleté au poisson et / ou fruits de mer	255	6.6	26.5	13
25152	Couscous à la viande, préemballé	128	7.6	12.5	4.7
25154	Gratin de poisson et purée ou brandade aux pommes de terre ou parmentier de poisson, préemballé	117	6.4	8.6	6.2
25155	Pâtes fraîches farcies (ex : raviolis, tortellinis), au fromage et aux légumes, préemballées, cuites	219	7.9	27.8	7.5
25157	Pâtes fraîches farcies (ex : raviolis, totellinis), à la viande (ex : bolognaise), préemballées, crues	265	11.4	40.3	5.8
25158	Pâtes fraîches farcies (ex : raviolis, tortellinis), à la viande (ex : bolognaise), préemballées, cuites	174	6.9	25.1	4.7
25159	Tajine de mouton	132	12.8	4.5	6.8
25162	Gratin de légumes	102	3.4	6.9	6.7
25163	Boeuf, boulettes cuites	217	18.5	5.7	13.3
25164	Osso buco	97	11.2	3.5	4.1
25169	Spécialité chinoise type bouchée à la vapeur, préemballée, cuite	149	5.9	28	1.4
25172	Viande en sauce (aliment moyen)	104	11.3	3.7	4.6
25173	Veau, escalope panée, cuite	271	22.9	12.6	14.1
25174	Poulet au curry et au lait de coco	124	10.6	3.2	6.9
25175	Meloukhia, plat à base de boeuf et corete, fait maison	189	10.6	1.2	14.7
25181	Pâtes fraîches farcies (ex : raviolis, tortellinis, ravioles du Dauphiné), au fromage, préemballées, crues	268	11.3	37.3	7.7
25182	Pâtes fraîches farcies (ex : raviolis, tortellinis), au fromage et aux légumes, préemballées, crues	262	10	41.4	5.7
25183	Nouilles sautées/poêlées aux crevettes	104	4.9	12.6	3.4
25184	Riz blanc, avec poulet, préemballé, cuit	175	4.2	31.5	3.2
25185	Riz blanc, avec légumes et viande, préemballé, cuit	167	4.6	28.3	3.6
25186	Boulettes au porc et au boeuf (à la suédoise), préemballées, crues	260	14.4	7.8	18.6
25187	Risotto, aux légumes, préemballé	120	2.7	18.4	3.8
25188	Risotto, aux fruits de mer, préemballé	130	5.5	12.5	6.1
25189	Risotto, aux fromages, préemballé	195	5.7	30.9	5.2
25190	Poulet basquaise, préemballé	107	9.3	2.5	6.4
25192	Raviolis aux légumes, sauce tomate, appertisés	91	2.9	13.5	2.5
25193	Pâtes fraîches farcies (ex : raviolis, tortellinis), aux légumes, préemballées, cuites	156	5.2	20.9	4.9
25194	Boulettes au boeuf et à l'agneau (type kefta), préemballées, crues	247	15.7	9.5	15.7
25195	Parmentier de canard, préemballé	146	6.8	8.5	9.1
25196	Riste d'aubergines (aubergines, tomates, oignons), préemballée	140	1.1	10.6	10.4
25198	Pâtes en sauce aux fromages (spaghetti, tagliatelles), préemballées	163	7.2	15.9	7.4
25199	Palet ou galette de légumes, préfrit, surgelé	105	3.3	10.7	5.4
25200	Palette à la diable, préemballée	120	13.5	2.1	6.1
25201	Langue de boeuf sauce madère, préemballée	180	9.5	4.5	13.5
25203	Pâtes fraîches farcies (ex : raviolis, tortellinis), aux légumes, préemballées, crues	255	9.4	41.4	5.1
25204	Tajine de poulet, préemballé	127	7.5	14.4	3.7
25205	Chop suey (porc ou poulet), préemballé	78	5	7.8	3
25207	Porc au caramel, préemballé	136	10	11.4	5.4
25208	Palet ou galette de légumes, préfrit, surgelé, cuit	98	3.3	8.5	5.7
25210	Saumon farci, préemballé	227	18.8	0.4	16.2
25211	Boulettes au boeuf, à la sauce tomate, préemballées	117	9	5.5	6.5
25213	Paupiette de veau, préemballée, cuite au four	276	22	0.5	20.5
25216	Pâtes fraîches farcies (ex : raviolis, tortellinis), cuites (aliment moyen)	199	8	25.7	6.5
25217	Feuille de vigne farcie au riz ou dolmas, égouttée, préemballée	150	2.5	18.6	6.5
25218	Lasagnes ou cannellonis aux légumes, préemballés, cuits	122	4.4	11.8	5.9
25219	Lasagnes ou cannellonis aux légumes et au fromage de chèvre, préemballés, cuits	179	7	14	10.2
25220	Choucroute, sans garniture, égouttée, cuite	75	1.4	0	6.6
25223	Bouchées ou émincé végétal au soja et blé (convient aux véganes ou végétaliens), préemballé	157	19.5	6.8	3.7
25224	Bouchées ou émincé au soja et blé (ne convient pas aux véganes ou végétaliens), préemballé	185	17.6	8.2	7
25225	Nuggets de blé (sans soja), préemballé	284	12.6	22.4	14.9
25226	Nuggets soja et blé (ne convient pas aux véganes ou végétaliens), préemballé	253	14.1	18.5	12.6
25227	Nuggets soja et blé (convient aux véganes ou végétaliens), préemballé	251	15.5	19.7	10.9
25228	Pané soja et blé (ne convient pas aux véganes ou végétaliens)	260	14.4	16.8	13.9
25229	Bâtonnet pané soja et blé (convient aux véganes ou végétaliens), préemballée	245	16.9	18.8	10
25230	Escalope panée, soja, blé et fromage, type cordon bleu, préemballée	247	15.2	15.1	13.1
25231	Raviolis au tofu, à la sauce tomate, préemballés	92	3.1	12.5	2.7
25232	Saucisse végétale au blé ou seitan, préemballé	250	27.1	7.5	10.5
25233	Galette de céréales au fromage (sans soja), préemballé	241	7	27.8	10.3
25234	Galette de céréales aux légumes (sans soja), préemballé	211	5.3	28	7.6
25399	Feuilleté aux escargots, préemballé	321	6.7	23.1	22.1
25400	Croque-monsieur, fait maison	223	14.3	0	18.4
25401	Feuilleté ou Friand au fromage	302	8.3	28.1	17.1
25402	Feuilleté ou Friand à la viande, préemballé	348	9.6	25.9	22.6
25403	Hot-dog, préemballé	278	10.9	26.3	13.8
25404	Pizza au fromage ou Pizza margherita, préemballée	227	8.9	29.6	7.6
25405	Quiche lorraine, préemballée	274	9	21	16.8
25409	Crêpe ou Galette fourrée béchamel jambon, préemballée	136	5.8	18.7	4
25410	Crêpe ou Galette fourrée béchamel jambon fromage, préemballée	182	8.8	19.1	7.5
25411	Crêpe ou Galette fourrée béchamel champignon, préemballée	150	4.8	20.7	5
25412	Bouchée à la reine, à la viande/volaille/quenelle	292	6.1	23.5	18.9
25413	Hamburger, provenant de fast food	246	13.3	28.3	8.4
25414	Cheeseburger, provenant de fast food	268	13.7	23.1	12.9
25415	Double cheeseburger, provenant de fast food	299	15.5	21.5	16.7
25416	Burger au poisson, provenant de fast food	263	12.2	26.7	11.5
25417	Tarte aux légumes, préemballée	216	5	21.8	11.7
25418	Croissant au jambon	243	7.9	19.2	14.6
25419	Rouleau de printemps	103	4.6	16.6	1.8
25420	Nem ou Pâté impérial	216	6.5	21.1	11.2
25428	Sandwich grec ou Kebab, pita, crudités	233	15.2	17.4	10.9
25429	Sandwich grec ou Kebab, baguette, crudités	246	15	23.6	9.8
25431	Sandwich baguette, thon, crudités (tomate, salade), mayonnaise	274	10.3	32	11.3
25433	Accra de poisson	275	12.4	15.1	17.6
25434	Sandwich panini, jambon cru, mozzarella, tomates	243	14.2	27.2	8.4
25435	Pizza jambon fromage, préemballée	218	10.3	28	6.7
25437	Gougère	399	16.2	22.7	26.6
25438	Brick garni (garniture : crevettes, légumes, volaille, viande, poisson, etc.), fait maison, cuit	187	12.2	8.5	11.5
25444	Tarte au fromage, préemballée	289	10.3	20.7	18
25454	Tarte à la provençale, préemballée	241	5.5	20	14.3
25456	Sushi ou Maki aux produits de la mer	171	6.7	26.9	3.7
25457	Pizza à la viande, type bolognaise, préemballée	227	10.3	27.2	8
25459	Burritos	170	8	14.3	8.5
25460	Fajitas	158	12.7	16	4.5
25462	Pizza au chorizo ou salami, préemballée	248	10.4	26.5	10.7
25463	Pizza aux fruits de mer, préemballée	200	10.3	24.6	6.7
25464	Pizza au saumon, préemballée	231	10.1	26.7	8.8
25468	Pizza au chèvre et lardons, préemballée	245	10.7	26.9	10
25472	Pizza aux légumes ou Pizza 4 saisons, préemballée	214	8.5	25.7	8
25475	Sandwich baguette, jambon, oeuf dur, crudités (tomate, salade), beurre	222	10.1	30.9	6
25476	Sandwich baguette, poulet, crudités (tomate, salade), mayonnaise	247	10	36.3	6.4
25477	Pizza champignons fromage, préemballée	217	7.8	31.6	6.1
25478	Pizza 4 fromages, préemballée	267	13.1	28.2	10.5
25479	Gnocchi à la semoule, cuit	185	5.6	34.4	2.4
25485	Sandwich baguette, jambon emmental, préemballé	285	13.3	26.9	13.1
25488	Sandwich baguette, saumon fumé, beurre	265	11.5	40.8	5.6
25490	Sandwich baguette, thon, maïs, crudités, préemballé	198	8.9	25	6
25502	Burger au poulet	249	12.7	23.8	11
25503	Bouchée à la reine, au poisson et fruits de mer	206	6.7	13.4	13.8
25504	Brochette de volaille	195	18.6	0.8	13
25505	Brochette de boeuf	191	17.1	1	12.9
25506	Brochette mixte de viande	208	19.7	1	13.8
25508	Feuilleté ou Friand jambon fromage	290	8.5	25.7	16.7
25509	Préparation à base de fromage(s) pour fondue savoyarde, préemballée	231	16.2	2.6	17.2
25510	Gnocchi à la pomme de terre, cuit	177	5	33.6	2.1
25511	Légumes farcis (sauf tomate)	70	6.4	3.6	3
25512	Volaille, croquette panée ou nuggets	239	13.1	16.2	13.2
25513	Pan bagnat	215	8	30.3	6.5
25516	Pizza (aliment moyen)	233	10.7	27.3	8.4
25517	Sandwich baguette, jambon, beurre	285	9.9	33.7	11.5
25518	Sandwich baguette, camembert, beurre	339	11.9	34.3	16.7
25519	Sandwich baguette, pâté, cornichons	298	10.1	32.1	13.9
25520	Sandwich baguette, saucisson, beurre	383	13.7	32	21.6
25521	Sandwich baguette, jambon, emmental, beurre	286	12.2	32.7	10.9
25522	Sandwich (aliment moyen)	243	14.2	27.2	8.4
25523	Toasts ou Canapés salés, garnitures diverses, préemballés	233	9.1	17.8	13.3
25524	Tomate à la provençale, fait maison	72	1.7	6.6	4.3
25525	Pizza, sauce garniture pour	39	2.1	3.2	0.7
25528	Pissaladière, préemballée	284	6.4	33.8	13.1
25529	Tarte à l'oignon, préemballée	280	7	23.5	17.2
25530	Sandwich baguette, crudités diverses, mayonnaise	221	6.5	30	7.9
25531	Sandwich baguette, dinde, crudités (tomate, salade), mayonnaise	255	12.4	30.6	8.8
25532	Sandwich baguette, oeuf, crudités (tomate, salade), mayonnaise	247	8.5	30.9	9.5
25533	Sandwich baguette, porc, crudités (tomate, salade), mayonnaise	267	12	30.1	10.6
25535	Sandwich baguette, merguez, ketchup moutarde	282	13.1	31	11.4
25536	Sandwich baguette, salami, beurre	379	12.5	33.2	21.4
25537	Carpaccio de saumon avec marinade	194	19.8	0.2	12.7
25538	Carpaccio de boeuf, avec marinade	271	15.2	0.6	23
25539	Brochette de poisson	127	18	0.9	5.7
25540	Brochette de crevettes	94	18.5	1.5	1.5
25541	Brochette d'agneau	112	12.6	2.5	5.1
25542	Croque-madame	264	13.7	16.9	15.5
25543	Sandwich baguette (aliment moyen)	277	11.2	31.4	11.6
25544	Sandwich pain de mie, garnitures diverses, préemballé	267	11.7	25.1	12.4
25546	Fromage pané au jambon	263	17.4	15.3	14.6
25547	Croque-monsieur, préemballé	273	11.3	26.8	12.9
25548	Pizza jambon fromage champignons ou pizza royale, reine ou regina, préemballée	205	9.5	25.7	6.7
25549	Crêpe ou Galette fourrée béchamel fromage, préemballée	149	6	17.7	5.8
25550	Flammenkueche ou Tarte flambée aux lardons, préemballée	300	8.8	31.8	14.8
25551	Beignet de viande, volaille ou poisson, fait maison, cru	238	18.7	10	13.5
25552	Crêpe ou Galette fourrée béchamel jambon fromage champignon, préemballée	159	8.3	16.6	6.3
25553	Tarte ou Tourte aux poireaux, préemballée	243	5.8	21.6	14.3
25555	Tarte au saumon, préemballée	215	8.5	21	10.5
25556	Beignet de légumes	183	3.5	23	8.5
25557	Brick à l'oeuf, fait maison, cuit	255	10.4	12.3	18.1
25558	Brick au boeuf	342	10.4	33.5	17
25559	Brick à la pomme de terre, fait maison, cuit	215	3.3	19.6	13.4
25560	Tourte au riesling, préemballée	251	10.2	23.7	12.6
25561	Tarte à la tomate, préemballée	218	5.2	19.3	12.8
25562	Crêpe ou Galette complète (oeuf, jambon, fromage), préemballée	209	12.7	15.2	9.8
25564	Tarte aux noix de Saint-Jacques, préemballée	266	8.3	24.2	14.5
25565	Yakitori (brochettes japonaises grillées en sauce)	172	26	9.3	3.3
25566	Brochette de porc, crue	131	15.6	2.1	6.5
25568	Pastilla au poulet, préemballée	218	12.3	14.1	12.2
25570	Pizza aux lardons, oignons et fromage, préemballée	255	11.2	27.7	10.6
25571	Falafel ou Boulette de pois-chiche et/ou fève, frite	252	8.3	18.7	14.4
25572	Crêpe ou Galette aux noix de St Jacques, préemballée	168	7.7	15.8	8
25573	Tarte ou quiche salée (aliment moyen)	267	8.1	22.7	15.6
25574	Sandwich pain de mie complet, jambon, crudités, fromage optionnel, préemballé	243	10	23.1	11.6
25575	Sandwich pain de mie complet, thon, crudités, mayonnaise, préemballé	240	9.8	23.1	11.3
25576	Sandwich pain de mie complet, jambon, fromage, préemballé	292	12.9	26.1	14.6
25577	Sandwich pain de mie complet, poulet, crudités, mayonnaise, préemballé	232	9.2	23.7	10.4
25578	Feuilleté salé (aliment moyen)	301	8.4	26.1	17.8
25579	Gnocchi, cuit (aliment moyen)	181	6.3	34	7.9
25580	Bouchée à la reine, garnie (aliment moyen)	249	6.4	18.4	16.3
25581	Crêpe ou Galette fourrée béchamel champignon, cuite, préemballée	172	5.5	18.5	7.7
25582	Nem ou Pâté impérial, au poulet, préemballé, cuit	197	8.1	20.9	8.1
25583	Nem ou Pâté impérial, au porc, préemballé, cuit	237	6.9	22.6	12.7
25584	Nem ou Pâté impérial, aux crevettes et/ou au crabe, préemballé, cuit	213	7.4	23.7	9.2
25585	Brochette de boeuf, cuite	139	21.9	0.3	5.2
25586	Brochette de volaille, cuite	137	23.1	1.4	4
25587	Parmentier de canard, préemballé, cuit	168	7	10.5	10.2
25588	Gratin de légumes en sauce blanche type béchamel, cuit	100	3.6	6.7	6.5
25589	Boulette végétale au soja et/ou blé, préemballée	211	17.6	8	10.6
25590	Falafel ou Boulette de pois-chiche et/ou fève, préemballé	211	7.4	17.7	10.8
25591	Galette ou pavé aux lentilles, soja et légumes, préemballé	170	9.7	16.7	5.6
25592	Galette ou pavé au blé (seitan) et légumes, préemballé	208	12.5	20.8	7.1
25593	Galette ou pavé au blé et soja (convient aux véganes ou végétaliens), préemballé	215	16	8.2	11
25594	Galette ou pavé au blé et soja (ne convient pas aux véganes ou végétaliens), préemballé	201	10.2	13.3	10.2
25595	Galette ou pavé au soja et fromage, préemballé	204	16.8	6.1	12
25596	Galette ou pavé au soja et légumes, préemballé	175	13.1	8.4	8.1
25597	Galette ou pavé au soja, fromage et légumes, préemballé	180	15.1	7.7	9.1
25598	Seitan, préemballé	134	20.6	6.7	2.5
25600	Céleri rémoulade, préemballé	113	0.9	3.1	10.2
25601	Salade de thon et légumes, appertisée	110	9.2	7.7	4.7
25602	Salade composée avec viande ou poisson, appertisée	106	8.1	6.4	5.3
25604	Salade verte, crue, sans assaisonnement	11	1	1.5	0.1
25605	Champignons à la grecque, appertisés	56	2.1	4	3.6
25606	Salade de pommes de terre, fait maison	124	2.7	9.9	8.2
25608	Taboulé ou Salade de couscous, préemballé	179	4.9	23.7	6.7
25609	Salade de pomme de terre à la piémontaise, préemballée	130	4.5	8.9	8.3
25610	Museau de boeuf en vinaigrette	167	11.3	1	13.1
25614	Salade de riz, appertisée	124	5.1	16.1	4.4
25615	Salade de pâtes, végétarienne	151	5.7	13.7	8.1
25616	Crudité, sans assaisonnement (aliment moyen)	30	0.9	3.1	0.7
25619	Salade de pâtes aux légumes, avec poisson ou viande, préemballée	166	5.2	14	9.9
25620	Guacamole, préemballé	181	2.2	5.9	16.5
25621	Houmous, préemballé	276	8.2	7.1	23.9
25623	Tarte au maroilles ou Flamiche au maroilles, préemballée	315	14.1	22.1	18.3
25624	Caviar d'aubergine, préemballé	209	0.7	4.3	21
25625	Crêpe ou Galette fourrée au poisson et / ou fruits de mer, préemballée	206	8.5	14.3	12.4
25626	Macédoine de légumes en salade, avec sauce, préemballée	123	2.8	7	9.3
25628	Salade César au poulet (salade verte, fromage, croûtons, sauce), préemballée	142	8.1	4.9	10
25629	Salade végétale à base de boulgour et/ou quinoa et légumes, préemballée	168	3.8	17.4	8.3
25635	Lasagnes ou cannellonis au fromage et aux épinards, préemballés	133	6.1	11.4	6.6
25900	Soupe aux lentilles, préemballée à réchauffer	55	3.7	6.6	1.1
25901	Soupe à la volaille et aux légumes, préemballée à réchauffer	31	3.1	2.6	0.8
25903	Soupe aux légumes variés, préemballée à réchauffer	39	0.8	5.1	1.6
25904	Soupe de poissons et / ou crustacés, préemballée à réchauffer	43	3.5	2.9	1.8
25905	Soupe aux légumes variés, déshydratée reconstituée	35	0.9	4.4	1.2
25907	Soupe aux poireaux et pommes de terre, préemballée à réchauffer	37	0.8	4.5	1.5
25908	Soupe à la volaille et aux vermicelles, préemballée à réchauffer	31	1.3	3.9	1
25909	Bouillon de viande et légumes type pot-au-feu, prêt à consommer	5	0.2	0.1	0.4
25910	Soupe à l'oignon, préemballée à réchauffer	40	1.4	4.9	1.4
25912	Soupe aux champignons, préemballée à réchauffer	48	0.8	4.1	3.1
25913	Soupe à la carotte, préemballée à réchauffer	33	0.6	3.9	1.4
25914	Soupe à la tomate, préemballée à réchauffer	39	0.7	6.3	1
25915	Soupe chorba frik, à base de viande et de frik	63	3.8	5.4	2.5
25916	Soupe minestrone, préemballée à réchauffer	49	1.2	5.6	2
25917	Soupe au pistou, déshydratée reconstituée	30	1.2	5.2	0.4
25918	Bouillon de viande et légumes type pot-au-feu, déshydraté	213	10.3	17.7	11.1
25919	Soupe de poissons et / ou crustacés, déshydratée reconstituée	29	0.9	5.1	0.5
25923	Soupe asiatique, avec pâtes, déshydratée reconstituée	30	1	5.3	0.4
25924	Soupe marocaine, déshydratée reconstituée	34	1.2	5.8	0.6
25925	Soupe aux poireaux et pommes de terre, déshydratée reconstituée	26	0.6	4.8	0.4
25928	Soupe à la volaille et aux légumes, déshydratée reconstituée	27	1	4.6	0.4
25930	Bouillon de boeuf, déshydraté reconstitué	9	0.6	1.3	0.2
25932	Soupe aux asperges, déshydratée reconstituée	35	0.6	5.1	1.3
25933	Soupe à la tomate et aux vermicelles, préemballée à réchauffer	38	1.1	5.9	0.8
25934	Soupe aux céréales et aux légumes, déshydratée reconstituée	48	1.4	6.8	1.4
25935	Soupe à la tomate, déshydratée reconstituée	36	0.8	5.8	1
25936	Soupe aux champignons, déshydratée reconstituée	38	0.7	4.4	1.8
25942	Soupe à l'oignon, déshydratée reconstituée	24	0.6	4.4	0.4
25945	Soupe au potiron, préemballée à réchauffer	36	0.7	4.1	1.6
25947	Bouillon de volaille, déshydraté reconstitué	6	0.6	0.5	0.1
25948	Bouillon de légumes, déshydraté reconstitué	5	0.3	0.7	0.2
25949	Soupe à la tomate et aux vermicelles, déshydratée reconstituée	22	0.6	4.2	0.2
25950	Soupe à la volaille et aux vermicelles, déshydratée reconstituée	21	0.8	3.9	0.3
25953	Soupe au pistou, préemballée à réchauffer	32	2	4.1	0.5
25954	Soupe au potiron, déshydratée reconstituée	38	0.8	5.6	1.2
25955	Soupe asiatique, avec pâtes, préemballée à réchauffer	22	0.7	3.4	0.5
25956	Soupe minestrone, déshydratée reconstituée	31	1.1	5.5	0.3
25957	Soupe au cresson, déshydratée reconstituée	25	0.4	4	0.8
25958	Soupe au cresson, préemballée à réchauffer	34	1	5.4	0.8
25962	Soupe aux légumes avec fromage, préemballée à réchauffer	50	1.3	5.1	2.5
25963	Soupe aux légumes verts, préemballée à réchauffer	33	1	3.8	1.3
25964	Soupe aux légumes verts, déshydratée reconstituée	35	0.7	5.3	1.1
25965	Soupe aux pois cassés, préemballée à réchauffer	57	2.7	6.3	2
25967	Soupe froide type Gaspacho ou Gazpacho, préemballée	33	0.7	3.4	1.6
25968	Soupe aux asperges, préemballée à réchauffer	133	4.6	4.7	10.4
25969	Soupe (aliment moyen)	37	1.3	4.5	1.4
25970	Bouillon de viande et légumes type pot-au-feu, non dégraissé, déshydraté	212	11.6	28.9	5.4
25971	Bouillon de viande et légumes type pot-au-feu, dégraissé, déshydraté	197	10.8	30.9	3.1
25972	Soupe miso, déshydratée reconstituée	17	1.4	2.2	0
25995	Maquereau, filet grillé, appertisé, nature, égoutté	246	19.7	0.6	18.3
25996	Saumon, cuit, sans précision (aliment moyen)	205	23	0	12.5
25997	Cabillaud, cuit, sans précision (aliment moyen)	99	23.1	0	0.7
25998	Hareng fumé, filet, doux	162	18.1	0	9.9
25999	Anchois, filets roulés aux câpres, semi-conserve, égoutté	198	24.8	1.5	10.3
26000	Anchois, filets à l'huile, semi-conserve, égoutté	182	26.4	0	8.5
26001	Bar rayé ou bar d'Amérique, cru	113	20.3	0	3.6
26002	Carrelet ou plie, pané, frit	242	13.4	8.9	16.8
26003	Carrelet ou plie, cuit à la vapeur	93	19	0	1.9
26004	Oeufs de lompe, semi-conserve	111	10.4	1	7.3
26005	Caviar, semi-conserve	254	25	0	17.1
26006	Lieu ou colin d'Alaska, cru	71	16.3	0	0.6
26008	Églefin, cuit à la vapeur	89	20.9	0	0.6
26009	Flétan de l'Atlantique ou flétan blanc, cru	97	21.2	0	1.3
26010	Hareng mariné ou rollmops	211	13.7	8	13.8
26011	Hareng, cru	176	17.7	0	11.7
26012	Hareng, frit	201	23	0	12.1
26013	Hareng fumé, au naturel	173	16.5	0.5	11.7
26014	Hareng, grillé/poêlé	189	21.6	0	11.4
26015	Lieu noir, cuit	100	23.1	0	0.8
26016	Limande-sole, panée, frite	206	16.7	11.9	10.2
26017	Limande-sole, cuite à la vapeur	90	17.4	0	2.3
26018	Lotte ou baudroie, crue	67	15.1	0	0.7
26019	Maquereau, rôti/cuit au four	228	21.5	0	15.8
26020	Maquereau, frit	186	23.6	0	10.2
26021	Merlan, frit	125	23.1	0	3.6
26022	Merlan, cuit à la vapeur	98	23	0	0.7
26023	Cabillaud, rôti/cuit au four	95	22.3	0	0.6
26024	Morue, salée, bouillie/cuite à l'eau	113	26	0	1
26025	Cabillaud, cuit à la vapeur	106	24.5	0	1
26026	Mulet, rôti/cuit au four	143	24.8	0	4.9
26027	Pilchard, sauce tomate, appertisé, égoutté	167	13	4	11
26028	Poisson, croquette ou beignet ou nuggets, frit	255	13.2	18.4	13.7
26029	Poisson pané, surgelé, cru	162	11	16.1	5.7
26030	Poisson pané, frit	193	11.9	13.4	10
26031	Raie, rôtie/cuite au four	96	23	0	0.5
26033	Roussette ou petite roussette ou saumonette, cuite	256	25.4	0	17.2
26034	Sardine, à l'huile, appertisée, égouttée	207	24.4	0.5	12
26035	Sardine, sauce tomate, appertisée, égouttée	193	20.2	1.4	11.6
26036	Saumon, cru, élevage	194	20.5	0	12.4
26037	Saumon fumé	178	22	0.9	9.5
26038	Saumon, cuit à la vapeur	195	23	0	11.5
26039	Thon, au naturel, appertisé, égoutté	111	26.8	0	0.4
26040	Sardine, à l'huile d'olive, appertisée, égouttée	202	24.3	1.1	11.2
26041	Thon, rôti/cuit au four	136	29.9	0	1.8
26042	Turbot sauvage, cru	92	17.2	0	2.5
26043	Cabillaud, cru	78	18.1	0	0.6
26044	Merlu, cru	83	17.6	0	1.4
26046	Surimi, bâtonnets, tranche ou râpé saveur crabe	125	8.3	11.8	4.9
26047	Lieu noir, surgelé, cru	82	19.8	0	0.4
26048	Merlu, filet, surgelé, cru	82	15.1	0	2.4
26051	Maquereau, cru	194	18.1	0	13.5
26052	Raie, crue	90	21.4	0	0.5
26053	Thon, cru	144	24	0	5.4
26054	Poisson en sauce, surgelé	132	13.3	3.2	7.1
26055	Carrelet ou plie, cru	89	20	0	0.9
26056	Oeufs de cabillaud, fumés, semi-conserve	146	26.9	0.1	4.2
26057	Limande, crue	81	18.3	0	0.9
26058	Sole, crue	77	18	0	0.6
26059	Sole, cuite à la vapeur	95	20.3	0	1.5
26060	Sole, rôtie/cuite au four	78	15.7	0	1.7
26061	Sole, bouillie/cuite à l'eau	69	15	0	1
26062	Sole, frite	72	15.8	0	1
26063	Rascasse, crue	88	18.9	0	1.3
26064	Thon albacore ou thon jaune, cru	108	25	0	0.9
26065	Sardine, crue	163	19.5	0	9.5
26068	Thon listao ou Bonite à ventre rayé, cru	97	22	0	1
26069	Thon rouge, cru	155	23.3	0	6.8
26072	Bar commun ou loup, cru, sans précision	83	19.1	0	0.7
26073	Raie, cuite au court-bouillon	98	23.2	0	0.6
26074	Roussette ou petite roussette ou saumonette, crue	98	23.3	0	0.5
26075	Bar ou loup de l'Atlantique, cru	90	16.6	0	2.6
26076	Thon germon ou thon blanc, cru	121	27.2	0	1.4
26077	Thon germon ou thon blanc, cuit à la vapeur sous pression	165	30	0	5.1
26079	Anchois commun, cru	129	18.6	0	6.1
26080	Dorade royale, ou daurade ou vraie daurade, crue, sauvage	93	18.1	0	2.3
26081	Lotte ou baudroie, grillée/poêlée	98	23	0	0.7
26082	Espadon, cru	130	18.9	0	6
26083	Éperlan, cru	85	17.5	0	1.7
26084	Cardine franche, crue	93	19.9	0	1.5
26085	Rouget-barbet de roche, cru	158	18.4	0	9.4
26086	Maquereau, filet sauce tomate, appertisé, égoutté	227	17.7	1.9	16.3
26087	Maquereau, fumé	294	18.8	0	24.3
26088	Dorade royale ou daurade ou vraie daurade, crue, élevage	129	20.9	0	5.1
26090	Haddock (fumé) ou églefin fumé	97	22.6	0	0.7
26091	Mulet, cru	113	20.1	0	3.6
26092	Truite de mer, crue	111	19.6	0	3.6
26093	Espadon, rôti/cuit au four	266	28.7	0	16.9
26094	Turbot, rôti/cuit au four	118	21.3	0	3.6
26095	Merlan, cru	79	18.8	0	0.5
26096	Maquereau, filet sauce moutarde, appertisé, égoutté	217	20.8	1.1	14.2
26097	Maquereau, filet au vin blanc, appertisé, égoutté	207	17.8	2.3	14.1
26098	Morue, salée, sèche	206	47.6	0	1.7
26099	Dorade grise, ou daurade grise, ou griset, crue	130	20.5	0	5.3
26100	Bogue, crue	90	17.9	0	2
26101	Bonite, crue	161	22.3	0	8
26102	Maquereau espagnol ou maquereau blanc ou billard, cru	135	22.1	0	5.2
26103	Denté, cru	99	17	0	3.5
26104	Saint-Pierre, cru	87	19.9	0	0.8
26106	Grondin, cru	94	19	0	2
26107	Corb, cru	87	20	0	0.8
26108	Capelan, cru	90	18.7	0	1.7
26109	Dorade rose, ou daurade rose, crue	102	21	0	2
26110	Rouget-barbet de roche, vapeur	143	24.1	0	5.2
26111	Saupe, crue	95	18	0	2.5
26113	Chinchard, cru	116	19	0	4.4
26119	Saumon, appertisé, égoutté	180	20.5	1.5	10.2
26120	Merlu, cuit à l'étouffée	112	21.2	0	3
26122	Églefin, cru	72	17.3	0	0.4
26123	Maquereau, au naturel, appertisé, égoutté	189	21.6	0	11.4
26124	Merlan, pané	190	12.6	13	9.6
26126	Églefin, grillé/poêlé	85	20	0	0.6
26127	Congre, cru	115	18.3	0	4.6
26128	Grenadier (de roche), cru	69	15.4	0	0.8
26129	Lieu jaune ou colin, cru	76	17.7	0	0.5
26130	Julienne ou Lingue, crue	81	19.2	0	0.4
26133	Tacaud, cru	82	19.7	0	0.3
26134	Lieu noir, cru	83	18.8	0	0.8
26135	Limande-sole, crue	81	17	0	1.4
26136	Sardine, grillée	194	25.1	0	10.4
26140	Poisson cuit (aliment moyen)	144	23.5	0	5.5
26141	Foie de morue, cru	619	5	0	66.6
26142	Foie de morue, appertisé, égoutté	433	7.3	1.1	44.4
26146	Vivaneau, cru	94	20.5	0	1.3
26147	Vivaneau, cuit	121	26.3	0	1.7
26148	Rascasse, cuite à la vapeur	126	24.6	0	3.1
26151	Oeufs de truite, semi-conserve	191	26.3	0	9.5
26152	Lieu ou colin d'Alaska, fumé	81	18.3	0	0.9
26153	Sabre, cru	125	18	0	5.9
26154	Flétan du Groënland ou flétan noir ou flétan commun, cru	168	13.5	0	12.7
26157	Carangue, cru	104	19.9	0	2.7
26159	Coulirou, cru	71	17.5	0	0.1
26161	Saumon, cru, sauvage	166	21	0	9.2
26162	Requin, cru	109	20.8	0	2.9
26166	Orphie commune, crue	133	20	0	5.9
26168	Lompe, crue	168	10	0	14.2
26170	Brème, cru	104	16.9	0	4
26171	Omble chevalier, cru	103	19.8	0	2.7
26172	Loup tacheté, cru	108	16.3	0	4.8
26173	Sprat, cru	186	19.8	0	11.9
26174	Turbot, cru	86	17.9	0	1.6
26175	Corégone lavaret, cru	115	20.5	0	3.7
26177	Anchois au sel (anchoité, semi-conserve)	128	25	0	3.1
26178	Mérou, cru	82	18.6	0	0.9
26179	Thon germon ou thon blanc, à l'huile d'olive, appertisé, égoutté	192	31.3	1	7
26180	Thon à l'huile de tournesol, entier, appertisé, égoutté	206	23.3	0.8	12.2
26181	Thon albacore ou thon jaune, au naturel, appertisé, égoutté	128	26.6	0.6	2
26186	Maquereau, mariné	185	16.3	0	13.3
26187	Anchois commun, mariné, préemballé	136	23.9	2.7	3.3
26192	Lieu jaune ou colin, cuit	100	24.4	0	0
26194	Lingue bleue ou Lingue, crue	80	18.9	0	0.4
26200	Sole tropicale ou Sole langue, crue	68	15.7	0	0.6
26201	Turbot d'élevage, cru	109	18.3	0	3.9
26205	Bar commun ou loup (Méditerranée), cru, sauvage	98	20.1	0	1.9
26206	Bar commun ou loup (Méditerranée), cru, élevage	124	21.4	0	4.3
26208	Baudroie rousse ou Lotte, crue	70	16.7	0	0.4
26210	Sébaste du nord, ou grand sébaste, ou dorade sébaste, ou daurade sébaste, crue	90	18.8	0	1.6
26211	Saumon, cuit au micro-ondes, élevage	200	24.2	0	11.4
26213	Hoki, tout lieu de pêche, cru	92	17.8	0	2.4
26214	Grenadier bleu ou hoki de Nouvelle-Zélande, cru	76	15.6	0	1.5
26217	Saumon, bouilli/cuit à l'eau, élevage	193	25	0	10.3
26219	Grondin perlon, cru	97	20.3	0	1.8
26222	Dorade grise, ou daurade grise, ou griset, rôtie/cuite au four	121	22.9	0	3.3
26229	Saumon, grillé/poêlé	223	25.5	0	13.5
26230	Saumon, élevage, rôti/cuit au four	210	22.1	0	13.5
26231	Sardine, filets sans arêtes à l'huile d'olive, appertisés, égouttés	213	21.5	0.6	13.9
26232	Hareng fumé, à l'huile	168	15.1	2	11
26233	Merlu blanc du Cap, surgelé, cru	78	16.1	0	1.5
26234	Julienne ou Lingue, cuite	105	24.5	0	0.8
26235	Chinchard maigre, cru	97	18.7	0	2.4
26236	Chinchard gras, cru	147	19.6	0	7.7
26237	Hareng maigre, cru	111	18.3	0	4.2
26238	Hareng gras, cru	172	18.7	0	10.8
26239	Surimi, fourré au fromage	149	6.6	9.2	9.3
26240	Joëls (petits poissons entiers) pour friture, crus	89	17.5	0	2.1
26241	Empereur, filet, sans peau, cru	74	15	0	1.5
26242	Thon à la tomate, miettes, appertisées, égouttées	130	14.6	4.3	5.9
26243	Thon, à la catalane ou à l'escabèche (sauce tomate), appertisé	142	10.8	5.1	8.6
26244	Rouget-barbet, filet avec peau, surgelé, cru (Thaïlande, Sénégal)	97	16.3	0	3.5
26245	Thon à l'huile de tournesol, miettes, appertisées, égouttées	227	23.4	0	14.8
26247	Flétan du Groënland ou flétan noir ou flétan commun, cuit à la vapeur	173	17.3	0	11.6
26248	Sole, poêlée	97	23.6	0	0
26249	Poisson blanc, cuit (aliment moyen)	107	22	0	2.2
26250	Poisson blanc, de mer, cuit (aliment moyen)	106	22.1	0	2
26256	Ficelle picarde, préemballée	151	8.6	11.9	7.5
26257	Carottes râpées, avec sauce, préemballées	73	1	6	5
26258	Salade de betterave, avec sauce, préemballée	79	1.3	7.5	4.9
26259	Salade de chou ou Coleslaw, avec sauce, préemballée	105	0.9	5.8	8.1
26260	Salade de concombre à la crème/fromage blanc, préemballée	114	1.1	2	11.3
26261	Salade de lentilles et saucisse fumée, préemballée	170	7	8.9	11.8
26262	Salade grecque, avec sauce, préemballée	78	2	1.4	7.1
26263	Salade de riz à la niçoise, avec sauce, préemballée	136	4.5	15.8	6.1
26264	Gnocchi à la pomme de terre, cru	176	4.7	35	1.4
26265	Gnocchi à la semoule, cru	200	6.2	37	2.6
26266	Croissant au jambon fromage, préemballé	258	8.9	22	14.5
26267	Tarte épinard chèvre, préemballée	244	7.1	22.2	13.6
26268	Tielle sétoise, préemballée	306	8.2	30.9	16
26269	Taboulé ou Salade de couscous au poulet, préemballé	175	6.4	20.6	7.5
26270	Pizza au thon, préemballée	220	10.8	23.3	8.8
26271	Pizza kebab, préemballée	211	9.4	26.6	7
26272	Pizza au poulet, préemballée	215	10	27.5	6.7
26273	Pizza type raclette ou tartiflette, préemballée	276	11.8	27.5	12.7
26274	Pizza au speck ou jambon cru, préemballée	240	12.2	25.7	9.4
26275	Oeufs de saumon, semi-conserve	224	30.8	1.5	10.5
26999	Anguille, cuite (aliment moyen)	213	22.1	0	13.8
27000	Anguille, rôtie/cuite au four	229	23.6	0	15
27001	Anguille, bouillie/cuite à l'eau	197	20.5	0	12.7
27002	Brochet, rôti/cuit au four	100	23.1	0	0.9
27003	Carpe, crue, élevage	114	17.7	0	4.8
27004	Carpe, rôtie/cuite au four	151	21.6	0	7.2
27005	Perche, rôtie/cuite au four	119	22.1	0	3.4
27006	Truite, rôtie/cuite au four	183	26.6	0	8.5
27007	Truite, cuite à la vapeur	99	19	0	2.6
27008	Truite d'élevage, crue	133	19.3	0	6.2
27009	Truite arc en ciel, crue, élevage	132	19	0	6.2
27010	Perche, crue	82	17.9	0	1.2
27011	Brochet, cru	84	18.8	0	0.9
27012	Esturgeon, cru	123	17.7	0	5.8
27014	Truite arc en ciel, élevage, rôtie/cuite au four	143	21.5	0	6.3
27015	Truite arc en ciel, élevage, cuite à la vapeur	117	20	0	4.1
27016	Anguille, crue	232	16.1	0	18.6
27017	Pangasius ou Poisson-chat, cru	65	13.5	0	1.3
27018	Panga, Pangasius, ou poisson-chat du Mékong, filet, cuit	79	17.5	0	1
27019	Tilapia, cru	92	18.1	0	2.1
27021	Truite saumonée, crue	143	19.2	0	7.4
27023	Lotte de rivière, crue	77	17.8	0	0.7
27024	Sandre, cru	83	18.3	0	1.1
27025	Perche du Nil, crue	82	19.1	0	0.7
27029	Truite d'élevage, fumée	180	23.4	0.7	9.3
27030	Bar commun ou loup, rôti/cuit au four	147	22.2	0	6.5
27031	Dorade (Daurade) royale, cuite au four	148	23.6	0	5.9
28001	Porc, épaule, crue	178	18.9	0.4	11.2
28002	Porc, poitrine, crue	253	17	0	20.5
28003	Porc, longe, crue	175	20.8	0.8	9.9
28004	Porc, jarret, cru	187	19.9	0	12
28007	Porc, longe, cuite	240	27.1	0	14.7
28009	Porc, palette, crue	208	24.8	0	12.1
28010	Porc, épaule, cuite	253	30	0	14.8
28100	Porc, côte, crue	164	19.8	0.4	9.3
28101	Porc, côte, grillée	211	29.6	0	10.3
28102	Porc, rouelle de jambon, crue	149	20.2	0	7.6
28103	Porc, rouelle de jambon, cuite	266	36.9	0	13.1
28104	Porc, carré, cru	146	22.7	0.4	5.9
28105	Porc, carré, cuit	206	34.1	0.6	7.5
28201	Porc, filet, maigre, cru	117	21.2	0	3.6
28202	Porc, filet, maigre, en rôti, cuit	198	28.3	0	9.4
28203	Porc, filet mignon, cuit	168	26.1	0	7.1
28204	Porc, filet mignon, cru	123	21.2	0.4	4.1
28205	Porc, viande, cuite (aliment moyen)	205	29.1	0.2	9.8
28300	Porc, rôti, cru	153	22.3	0.5	6.9
28301	Porc, rôti, cuit	163	30.5	0.7	4.3
28302	Porc, échine, crue	198	18	0.1	14
28400	Porc, travers, cru	237	18	0.6	18
28401	Porc, travers, braisé	333	23.1	0.1	26.6
28451	Porc, échine, rôtie/cuite au four	295	26.2	0	21.2
28460	Porc, escalope de jambon, crue	129	21.5	0	4.8
28461	Porc, escalope de jambon, cuite	200	36	0	6.2
28470	Porc, bardière découennée, crue	744	4.5	0.1	80.6
28471	Porc, gorge, découennée, crue	475	11.6	0.1	47.5
28472	Porc, hachage sans jarret, sans bateau, découenné, dégraissé, désossé, cru	187	18.9	0.2	12.3
28473	Porc, jambon sans jarret, sans bateau, découenné, dégraissé, désossé, cru	141	20.9	0.3	6.3
28474	Porc, jambonneau arrière, découenné, dégraisssé, désossé, cru	148	20.2	0.3	7.3
28475	Porc, maigre 90/10, cru	212	18.8	0.2	15.1
28476	Porc, maigre 80/20, cru	293	17.3	0.3	24.7
28477	Porc, palette, découennée, dégraissée, désossée, crue	174	19.9	0.3	10.4
28479	Porc, poitrine cutter, sans mouille, crue	323	15.9	0.2	28.7
28480	Porc, rôti filet avec chaînette, cru	146	22.3	0.4	6.2
28501	Lardon nature, cru	270	16.6	1	22.1
28502	Poitrine de porc, fumée, crue	303	15.6	0.8	26.1
28503	Bresaola	165	31.6	0	4.3
28504	Lardon nature, cuit	324	23.8	2	24.5
28505	Corned-beef, appertisé	188	23.1	0	10.5
28530	Oreille de porc demi-sel	228	22.5	0.6	15.1
28540	Pied de porc demi-sel	137	11.6	0	10
28550	Poitrine de porc demi-sel	268	16.8	0.8	22
28700	Jambon de porc à cuire ou Jambon à rôtir/cuire au four	161	19.9	0	9.1
28720	Lardon fumé, cru	275	16.7	1	22.6
28725	Lardon fumé, cuit	261	14.7	0.8	22.1
28727	Filet de bacon	118	23.1	0.7	2.6
28800	Jambon cru	225	25.9	0.8	13.2
28801	Jambon cru, fumé	246	24.2	1	16.1
28802	Jambon sec, découenné, dégraissé	192	26.3	0.3	9.5
28803	Jambon cuit, fumé	135	20	0.8	5.8
28804	Jambon cru, fumé, allégé en matière grasse	142	27.7	0.1	3.4
28811	Jambon de Bayonne	228	28	0.6	12.6
28812	Jambon sec	230	28.7	0.5	12.6
28844	Jambon sec de Parme	248	27.2	0.3	15.4
28845	Jambon sec Serrano	235	30.4	0.8	12.3
28850	Coppa	284	25	1	20
28858	Pancetta ou Poitrine roulée sèche	342	20.2	0.8	28.8
28860	Viande des Grisons	209	38.9	1	5.5
28900	Jambon cuit, supérieur	125	20.8	0.8	4.3
28901	Jambon cuit, supérieur, avec couenne	137	20.2	0.9	5.8
28902	Jambon cuit, supérieur, découenné	117	20.5	0.8	3.5
28905	Jambon à l'os braisé	238	21.6	0.3	16.8
28906	Jambon cuit, supérieur, découenné dégraissé	119	20.3	1	3.7
28907	Jambon cuit, supérieur, à teneur réduite en sel	121	20.8	0.7	3.8
28910	Jambon cuit, choix	125	19.5	1.7	4.5
28911	Épaule de porc, cuite, choix, découennée dégraissée	121	18	1.9	4.5
28912	Jambon cuit, choix, avec couenne	137	19.4	0.6	6.3
28913	Jambon cuit, choix, découenné dégraissé	114	19.6	1.6	3.2
28917	Rond de jambon cuit	182	20.3	1.4	10.6
28922	Dés, allumettes, râpé ou haché de jambon	121	17.9	2.1	4.5
28924	Épaule de porc, cuite, standard, découennée dégraissée	123	13.7	3.6	6
28925	Jambon cuit, de Paris, découenné dégraissé	115	20	1.1	3.4
28927	Haché de volaille	137	17.7	3.5	5.7
28929	Dés, allumettes, râpé ou haché de jambon de volaille	132	18	1.6	5.9
28960	Jambonneau, cuit	162	23.2	0.4	7.5
28963	Jambon de poulet ou Blanc de poulet en tranche	106	20.7	1.4	1.8
28964	Jambon de dinde ou Blanc de dinde en tranche	104	20.9	1.3	1.7
28976	Rôti de volaille en salaison, cuit	110	22	1.3	1.7
29209	Boisson au soja et jus de fruits concentrés, préemballée	56	2.3	9.5	1
30005	Chipolata, cuite	282	18.8	0.8	22.4
30011	Saucisse de Toulouse, cuite	274	18.8	0	22.1
30050	Chair à saucisse, crue	323	14.7	0.6	29.1
30051	Chair à saucisse, pur porc, crue	273	15.4	5.3	21.2
30052	Farce porc et boeuf, crue	309	11.8	4.4	26.5
30102	Saucisse fumée, à cuire	344	16.8	0	30.7
30104	Saucisse de Morteau	397	16	1	36.6
30105	Saucisse de Montbéliard	319	17.3	1	27.3
30108	Saucisse de Morteau, bouillie/cuite à l'eau	323	15.2	0	29.1
30110	Saucisse de Toulouse, crue	327	13.2	1	30
30115	Chipolata, crue	253	15.8	1	20.6
30125	Saucisse alsacienne fumée ou Gendarme	300	19	0	24.9
30130	Saucisse de volaille, façon charcutière	231	16.8	1.2	17.7
30131	Saucisse de volaille, type Knack	236	14	1.8	18.9
30134	Saucisse de Francfort	271	13.7	1.2	23.4
30150	Merguez, crue	316	13.5	2.5	28
30152	Merguez, pur boeuf, crue	436	11	0	43.5
30153	Merguez, porc et boeuf, crue	415	11.5	0	41
30154	Merguez, boeuf, mouton et porc, crue	358	14.6	0	33.3
30155	Merguez, boeuf et mouton, cuite	283	19.8	1.8	21.8
30156	Merguez, boeuf et mouton, crue	315	14	2.8	27.6
30176	Saucisse de foie	374	11.7	0.9	35.9
30177	Diot, cru	342	18	0	30
30181	Haché végétal à base de soja, préemballé	143	11.5	7	5.8
30300	Saucisson sec	418	24.2	2.4	34.5
30301	Saucisson sec pur porc	417	28.7	1.8	32.3
30302	Saucisson sec pur porc, qualité supérieure	366	27.7	1.7	27.6
30304	Rosette ou Fuseau	380	24.2	1.8	30.7
30309	Saucisse sèche	451	27.3	1.7	37.1
30311	Saucisson sec aux noix et/ou noisettes	477	27.7	1.8	39.7
30315	Chorizo	433	23.5	3.1	36.1
30316	Chorizo supérieur, doux ou fort, type saucisse sèche	476	20.9	2.6	41.9
30317	Chorizo supérieur, doux ou fort, type charcuterie en tranches	322	22.6	2.1	23.9
30350	Salami	451	17.7	1.1	41.8
30351	Salami pur porc	400	22.6	1.6	33.7
30352	Salami porc et boeuf	351	21.5	1.6	28.8
30366	Salami type danois	459	17	1.4	42.9
30700	Saucisson à l'ail	280	15	1.6	23.6
30701	Saucisson cuit pur porc	322	13.8	1.3	29
30705	Saucisson de Paris	346	12.5	0.6	32.7
30706	Saucisson de Paris, fumé	288	13.7	0.6	25.6
30707	Saucisson brioché, cuit	309	14.7	22.6	17.4
30730	Cervelas	278	11.9	1.6	24.8
30731	Cervelas obernois	305	13	1	27.5
30732	Cervelas à l'ail, pur porc	297	12.5	0.2	27.4
30742	Saucisse de Strasbourg ou Knack	291	12.4	1.4	25.9
30746	Saucisse cocktail	290	12.7	1.5	25.9
30750	Saucisse viennoise, crue	233	10.3	0	21.3
30764	Saucisse de jambon pur porc	224	15.7	1	17.5
30766	Saucisse de bière	319	13	0	29.7
30778	Saucisse de langue à la pistache	293	15.3	0	25.8
30780	Saucisse (aliment moyen)	281	17.3	0.9	23
30789	Mortadelle	305	15	1.4	26.7
30790	Mortadelle, pur porc	298	14.8	1.6	25.8
30791	Mortadelle, porc et boeuf	297	16.4	0.7	25.4
30797	Mortadelle pistachée pur porc	320	14.4	1.2	28.2
30801	Saucisson de cheval type cervelas	237	14.2	0	20
30900	Charcuterie (aliment moyen)	238	19.7	1.5	17.1
30999	Confiture ou Marmelade, tout type de fruits, teneur en sucre inconnue (aliment moyen)	228	0.4	56.5	0.3
31000	Barre chocolatée biscuitée	523	6.1	60.5	28.1
31001	Barre chocolatée non biscuitée enrobée	496	3.7	66.4	24.1
31002	Barre à la noix de coco, enrobée de chocolat	475	3.9	60.2	23.8
31003	Bonbons, tout type	410	1.8	86.5	6.3
31004	Chocolat au lait, tablette	537	7.5	55.6	30.8
31005	Chocolat noir à moins de 70% de cacao, à croquer, tablette	502	6.6	42.9	33.8
31006	Confiture ou Marmelade, tout type de fruits (aliment moyen)	249	0.3	60.2	0.3
31007	Chewing-gum, sucré	372	0	90.6	0.3
31008	Miel	329	0.6	81.7	0
31009	Chocolat au lait aux céréales croustillantes, tablette	510	7.2	60.6	26.6
31010	Chocolat blanc, tablette	561	6.2	57.1	34.2
31012	Barres ou confiserie chocolatées au lait	551	8.8	50.9	34.2
31013	Sorbet, bâtonnet	107	0.3	25.7	0.3
31014	Pâte de fruits	336	1.7	76.6	1.8
31016	Sucre blanc	399	0	99.8	0
31017	Sucre roux	390	0.1	97.3	0
31018	Chocolat au lait aux fruits secs (noisettes, amandes, raisins, praline), tablette	552	8.4	48.7	35.9
31020	Chocolat au lait sans sucres ajoutés, avec édulcorants, tablette	487	5.8	54.2	34.6
31021	Zeste d'orange confit	333	0.2	82.7	0.2
31023	Marron glacé	324	0.9	79.5	0
31024	Confiture de fraise (extra ou classique)	251	0	60.5	0.5
31026	Chocolat blanc aux fruits secs (noisettes, amandes, raisins, praliné) , tablette	574	7.6	48	39.1
31027	Fruit confit	298	0	72.3	0
31030	Chocolat noir sans sucres ajoutés, avec édulcorants, en tablette	525	8.5	34.1	42.3
31032	Pâte à tartiner chocolat et noisette	543	5	57.9	32.4
31033	Nougat ou touron	508	7.9	62.5	25.2
31034	Sirop d'érable	269	0	67.1	0.1
31035	Barre glacée chocolatée	359	5.1	35.8	21.4
31036	Dragée amande	470	5	73.9	17.2
31037	Confiture d'abricot (extra ou classique)	247	0	59.7	0.3
31038	Confiture de cerise (extra ou classique)	247	0.4	60.9	0.2
31039	Marmelade d'orange	246	0	59.3	0.4
31040	Confiture de lait	307	6.5	58	5.5
31041	Confiserie au chocolat dragéifiée	505	5.5	65	24.3
31042	Cacahuètes enrobées de chocolat dragéifiées	499	9.5	55.9	25
31044	Sucre vanillé	399	0.1	99	0.3
31046	Caramel liquide ou nappage caramel	324	0	81	0
31047	Gélifiant pour confitures	278	0	62	0
31050	Guimauve ou marshmallow	342	3.7	78.7	1.4
31053	Confiture de prune (extra ou classique)	239	0.3	59.3	0.1
31054	Chewing-gum, sans sucre	228	0.7	78.1	0.5
31059	Bonbon dur et sucette	385	0	95.4	0.4
31060	Bonbon gélifié	348	6.3	80.2	0.3
31062	Confiture de framboise (extra ou classique)	248	0.5	61	0.2
31063	Bouchée chocolat fourrage fruits à coques et/ou praliné	555	9.1	51.5	34.7
31064	Édulcorant à la saccharine	360	1.3	88.8	0
31066	Rocher chocolat fourré praliné	549	6.5	51.4	35.3
31067	Mélasse de canne	300	0	74.7	0.1
31068	Confiture de myrtilles (extra ou classique)	246	0	58.9	0.4
31069	Chocolat noir aux fruits (orange, framboise, poire), tablette	518	6.8	45.3	34.4
31070	Chocolat noir aux fruits secs (noisettes, amandes, raisins, praline), tablette	567	8.7	40.7	39
31071	Barre chocolatée aux fruits secs	494	7.2	57.6	26
31072	Chocolat noir fourrage confiseur à la menthe	438	2.9	70.5	16
31073	Barre goûter frais au lait et chocolat	448	6.8	41	28.5
31074	Chocolat noir à 70% cacao minimum, extra, dégustation, tablette	591	10.4	26.9	46.3
31076	Sucre allégé à l'aspartame	398	0.8	98.7	0
31077	Fructose	399	0	99.8	0
31079	Chocolat au lait fourré	606	4.8	45.5	45
31080	Chocolat noir fourré praliné, tablette	548	6.4	52.4	34.8
31081	Bonbon au caramel, mou	419	3	83.7	8
31084	Chocolat au lait fourré au praliné, tablette	555	7.3	52.9	34.9
31085	Chocolat noir à 40% de cacao minimum, à pâtisser, tablette	529	6.4	51.4	33.1
31086	Gelée de fruits divers (extra ou classique)	249	0.4	61.6	0.2
31087	Édulcorant à base d'extrait de stévia	238	0	98	0.2
31089	Sirop d'agave	317	0	78.1	0.5
31091	Bonbon / bouchée au chocolat fourrage gaufrettes / biscuit	511	6.5	55.1	29.4
31092	Calissons d'Aix en Provence	440	7.9	60.3	18
31093	Guimauve ou marshmallow, enrobé de chocolat	376	4.7	66.2	10.3
31094	Bonbon dur au caramel	349	1.2	72.5	6
31095	Gelée de groseille (extra ou classique)	246	0	59.6	0
31098	Barre chocolat au lait avec nougat	532	5.8	60.5	29
31099	Barre goûter frais au lait et chocolat avec génoise	491	6.7	39	34.2
31100	Barre céréalière pour petit déjeuner au lait, chocolatée ou non, enrichie en vitamines et minéraux	382	7.1	79.5	3.2
31101	Barre céréalière "équilibre" aux fruits, enrichie en vitamines et minéraux	379	6.1	72.8	6.5
31102	Barre céréalière "équilibre" chocolatée, enrichie en vitamines et minéraux	418	6	72.9	10.9
31104	Barre céréalière diététique hypocalorique	386	5.9	65.3	11.2
31106	Barre céréalière chocolatée	451	6.6	73	14.9
31108	Gelée royale	144	13	14	4
31109	Pollen, partiellement séché	358	21.9	52.5	4.2
31110	Confiture, tout type de fruits, allégée en sucres (extra ou classique)	162	0.8	38	0
31111	Pollen,frais	285	17.5	37.7	5.2
31113	Barre céréalière aux fruits	377	5.5	73.5	7.1
31114	Barre céréalière aux amandes ou noisettes	444	8.7	60.6	18.2
31115	Barre céréalière chocolatée aux fruits	411	5.7	70.4	11.8
31120	Chocolat, en tablette (aliment moyen)	557	7.8	45.3	36.1
31121	Chewing-gum, teneur en sucre inconnue (aliment moyen)	279	0.5	82.5	0.4
32000	Grains de blé soufflés au miel ou caramel, enrichis en vitamines et minéraux	391	8	82.2	2.2
32001	Céréales pour petit déjeuner chocolatées, non fourrées, enrichies en vitamines et minéraux	408	8.1	70.4	8.9
32002	Céréales pour petit déjeuner riches en fibres, avec ou sans fruits, enrichies en vitamines et minéraux	360	11.5	59.3	4.4
32003	Céréales pour petit déjeuner (aliment moyen)	398	7.8	75.3	6.1
32004	Muesli (aliment moyen)	418	7.5	66.6	12.2
32005	Pétales de maïs natures, enrichis en vitamines et minéraux	377	7.4	83.2	0.9
32006	Riz soufflé nature, enrichi en vitamines et minéraux	391	6.7	87	1.5
32008	Céréales pour petit déjeuner riches en fibres, au chocolat, enrichies en vitamines et minéraux	386	10.7	64	6.8
32009	Pétales de blé chocolatés, enrichis en vitamines et minéraux	388	9	77.7	3.2
32011	Pétales de blé chocolatés (non enrichis en vitamines et minéraux)	388	8.5	80.1	2.6
32012	Riz soufflé chocolaté (non enrichi en vitamines et minéraux)	388	6	84.2	2.2
32013	Céréales chocolatées pour petit déjeuner, non fourrées, (non enrichies en vitamines et minéraux)	386	7.7	79.6	2.9
32014	Pétales de maïs natures (non enrichis en vitamines et minéraux)	380	8.1	82.8	1.1
32016	Céréales pour petit déjeuner fourrées au chocolat ou chocolat-noisettes, enrichies en vitamines et minéraux	433	7.8	69.2	13
32017	Céréales pour petit déjeuner fourrées au chocolat ou chocolat-noisettes	442	7.3	67.2	14.8
32018	Céréales pour petit déjeuner fourrées, fourrage autre que chocolat, enrichies en vitamines et minéraux	419	8.4	64.7	13.3
32021	Céréales pour petit déjeuner "équilibre" nature ou au miel, enrichies en vitamines et minéraux	382	11.4	78.6	1.7
32022	Céréales pour petit déjeuner "équilibre" au chocolat, enrichies en vitamines et minéraux	394	7.5	73.9	5.9
32023	Céréales pour petit déjeuner "équilibre" aux fruits, enrichies en vitamines et minéraux	378	10.5	77.9	1.7
32025	Céréales pour petit déjeuner "équilibre" aux fruits secs (à coque), enrichis en vitamines et minéraux	394	8.9	75.5	4.9
32028	Céréales pour petit déjeuner "équilibre" au chocolat (non enrichies en vitamines et minéraux)	411	10.3	74.6	7
32029	Céréales pour petit déjeuner "équilibre" aux fruits (non enrichies en vitamines et minéraux)	378	10.5	78.7	1.4
32030	Céréales pour petit déjeuner "équilibre" nature (non enrichies en vitamines et minéraux)	379	11.3	79	1.3
32031	Céréales pour petit déjeuner, enrichies en vitamines et minéraux (aliment moyen)	401	7.5	75	6.8
32032	Céréales pour petit déjeuner, non enrichies en vitamines et minéraux (aliment moyen)	388	8.2	79.2	3.2
32107	Pétales de maïs glacés au sucre (non enrichis en vitamines et minéraux)	379	4.4	88	0.6
32108	Muesli croustillant aux fruits et/ou fruits secs, graines (non enrichi en vitamines et minéraux)	436	8.9	59.7	16.7
32109	Muesli croustillant au chocolat (non enrichi en vitamines et minéraux)	442	8.6	63.2	16.7
32110	Muesli floconneux aux fruits ou fruits secs, enrichi en vitamines et minéraux	361	9.2	65.4	5
32111	Muesli croustillant aux fruits ou fruits secs, enrichi en vitamines et minéraux	460	5.7	68.4	17.3
32112	Muesli croustillant au chocolat, avec ou sans fruits, enrichi en vitamines et minéraux	451	9.1	62.7	16.7
32113	Muesli floconneux aux fruits ou fruits secs, sans sucres ajoutés	400	10.7	61.6	11
32115	Grains de blé soufflés chocolatés, enrichis en vitamines et minéraux	385	8.8	75.2	4
32116	Céréales pour petit déjeuner très riches en fibres, enrichies en vitamines et minéraux	338	14	49	3.5
32121	Pétales de maïs glacés au sucre, enrichis en vitamines et minéraux	374	5.8	84.7	0.6
32123	Pétales de blé avec noix, noisettes ou amandes, enrichis en vitamines et minéraux	386	10.3	67.9	6.3
32128	Muesli floconneux ou de type traditionnel	382	10.6	68.5	4.8
32129	Boules de maïs soufflées au miel (non enrichies en vitamines et minéraux)	393	5.7	86.2	2.4
32130	Blé khorasan complet soufflé	378	6.7	80.5	2
32131	Riz soufflé chocolaté, enrichi en vitamines et minéraux	390	6.2	83.2	2.8
32133	Boules de maïs soufflées au miel, enrichies en vitamines et minéraux	384	5.5	85.3	1.8
32134	Céréales complètes soufflées, enrichies en vitamines et minéraux	385	7.4	76.8	3.9
32135	Multi-céréales soufflées ou extrudées, enrichies en vitamines et minéraux	392	7.4	79.4	4.3
32136	Muesli croustillant, au quinoa	421	9.9	71.2	10.7
32138	Muesli floconneux aux fruits ou fruits secs (non enrichi en vitamines et minéraux)	369	9.5	61.7	6.9
32139	Muesli enrichi en vitamines et minéraux (aliment moyen)	424	7	67.3	12.8
32140	Flocon d'avoine précuit	370	11	58	7.7
32141	Muesli non enrichi en vitamines et minéraux (aliment moyen)	401	9.2	60.7	11.6
34000	Lapin, viande braisée	197	30.4	0	8.4
34001	Lapin, viande crue	189	20.4	0.7	11.6
34002	Lapin, viande cuite	167	20.5	0.5	9.2
34003	Lapin de garenne, viande, crue	108	21.8	0	2.3
34004	Lapin de garenne, viande, cuite	164	33	0	3.5
34500	Grenouille, cuisse, crue	70	16.2	0.7	0.3
34501	Grenouille, cuisse, grillée/poêlée	96	21.9	0	0.9
36000	Poule, viande et peau, crue	215	17.8	0.4	15.8
36001	Poule, viande ,crue	124	20.9	0	4.5
36002	Poulet, cuisse, viande et peau, cru	192	17.3	0	13.5
36003	Poulet, viande, crue	113	20	0	3.7
36004	Poulet, cuisse, viande et peau, rôtie/cuite au four	213	25.9	2	11.3
36005	Poulet, viande et peau, rôti/cuit au four	213	28.9	2.1	9.9
36006	Poulet, cuisse, viande, rôti/cuit au four	171	24.8	0	8
36007	Poulet (var. blanc), viande et peau, cru	123	21.2	0	4.3
36008	Poulet fermier, viande et peau, cru	135	21.5	0.2	5.4
36014	Poule, cuisse, crue	131	19.6	0	5.9
36016	Poulet, viande et peau, cru	173	20.2	0.3	10.1
36017	Poulet, filet, sans peau, cru	110	23.4	0	1.5
36018	Poulet, filet, sans peau, sauté/poêlé	141	30.1	0	2
36019	Poulet, haut de cuisse, viande, cru	116	19.7	0	4.1
36020	Poulet éviscéré sans abats, cru	210	18.6	0	15.1
36022	Poulet, pilon, cru	155	18.4	0	9.1
36023	Poulet, aile, viande et peau, cru	181	20.4	0	11
36024	Poulet, cuisse, viande, cru	114	19.3	0	4.1
36027	Poulet, croquette panée ou nuggets	250	15.6	19.4	11.6
36029	Poulet, poitrine, viande et peau, cru	157	21.1	0	8.1
36030	Poulet, cuisse, viande, bouilli/cuit à l'eau	188	24.8	0.7	9.5
36031	Poulet, cuisse, viande et peau, bouilli/cuit à l'eau	188	26.1	0	9.1
36032	Poulet, poitrine, viande et peau, rôti/cuit au four	189	29.8	0	7.8
36033	Poulet, aile, viande et peau, rôti/cuit au four	247	23.8	0	16.9
36035	Poulet, manchons marinés, rôtis/cuits au four	213	22.4	2.1	12.6
36036	Poulet, escalope panée	339	7.3	21.7	24
36037	Poulet, cuisse, viande et peau, cru, bio	193	18.1	0	13.3
36038	Poulet, cuisse, viande et peau, cru, label rouge	173	19.1	0	10.6
36039	Poulet, filet, sans peau, cru, bio	118	24.6	0	1.8
36040	Poulet, filet, sans peau, cru, label rouge	113	25.2	0	1
36041	Poulet, filet, sans peau, sauté/poêlé, bio	144	31.1	0	1.8
36050	Chapon, viande et peau, cru	183	21.8	0	10.6
36051	Chapon, viande et peau, rôti/cuit au four	221	29	0	11.7
36100	Caille, viande et peau, crue	136	21.5	0	5.6
36101	Caille, viande, crue	126	22.5	0.5	3.8
36102	Caille, viande et peau, cuite	206	26.8	0	10.9
36200	Canard, viande et peau, rôti/cuit au four	331	19	0	28.4
36201	Canard, viande, crue	126	19.4	0	5.3
36202	Canard, viande, rôtie/cuite au four	194	23.3	0	11.2
36203	Canard, cuisse avec peau, sans os, crue	103	18.7	0	3.1
36204	Canard, viande et peau, cru	284	17.4	2.8	22.6
36205	Canard, magret, grillé/poêlé	222	26.7	0	12.8
36206	Canard, magret, cru	340	17.9	0.9	29.4
36300	Dinde, viande et peau, crue	132	23.4	0	4.3
36301	Dinde, viande, crue	110	22.4	0.8	1.9
36302	Dinde, viande, rôtie/cuite au four	151	29.1	0	3.8
36304	Dinde, escalope, crue	109	24.1	0.5	1.2
36305	Dinde, cuisse, viande et peau, crue	150	19.8	0	7.9
36306	Dinde, escalope, sautée/poêlée	124	28.5	0	1.1
36307	Dinde, cuisse, viande sans peau, crue	109	21.3	0.4	2.5
36308	Dinde, escalope, rôtie/cuite au four	128	24.6	0.5	3
36310	Dinde, aile, crue	192	20.2	0	12.3
36318	Dinde, escalope viennoise ou milanaise ou escalope panée	211	14.1	13.5	10.9
36401	Faisan, viande, cru	127	23.3	0	3.8
36402	Faisan, viande, rôtie/cuite au four	239	32.4	0	12.1
36403	Faisan, viande et peau, cru	164	23.2	0	8
36500	Oie, viande crue	155	22.6	0	7.1
36501	Oie, viande et peau, crue	365	15.7	0	33.6
36502	Oie, viande, rôtie/cuite au four	230	29	0	12.7
36503	Oie, viande et peau, rôtie/cuite au four	298	25.2	0	21.9
36600	Pigeon, cru	222	18.9	0.7	16
36602	Pigeon, viande, rôtie/cuite au four	213	23.9	0	13
36603	Gibier à plumes, viande, cuit (aliment moyen)	217	25.1	0	13
36700	Pintade, crue	143	22.8	0	5.8
36702	Pintade, poitrine, crue	107	25.1	0	0.7
36703	Pintade, cuisse, crue	121	21.3	0	4
36800	Autruche, viande crue	159	20.2	0	8.7
36801	Autruche, viande cuite	168	26.2	0	7.1
36900	Volaille, cuite (aliment moyen)	166	27.6	0.3	6
37000	Base de pizza à la crème	261	7.7	51.1	2.6
37001	Pâte à pizza crue	240	7.1	44.2	3.5
37002	Base de pizza tomatée	232	6.9	44.6	2.7
38104	Chips de crevette	508	3.1	63.7	26.6
38105	Chips de maïs ou tortilla chips	495	6.6	59.5	24.7
38106	Biscuit apéritif soufflé, à base de pomme de terre	484	4.3	60.5	24.1
38107	Biscuit apéritif, mini bretzel ou sticks	379	11.2	74.4	3.1
38108	Biscuit apéritif soufflé, à base de pomme de terre et de soja	409	17.4	58.3	9.3
38399	Biscuit apéritif (aliment moyen)	486	9.2	60.3	22.3
38400	Biscuit apéritif soufflé, à base de maïs, sans cacahuète	489	7	62.1	23
38401	Biscuit apéritif, crackers, garni ou fourré, au fromage	537	13.8	46.3	32.2
38402	Biscuit apéritif, crackers, nature	499	10.5	59	23.9
38403	Biscuit apéritif, crackers, nature, allégé en matière grasse	410	6.5	73.1	9.3
38404	Biscuit apéritif soufflé, à base de maïs, à la cacahuète	487	13.3	54.8	22.9
38405	Biscuit apéritif à base de pomme de terre, type tuile salée	521	4.6	59.1	28.8
38406	Cacahuètes (arachide) enrobées d'un biscuit, pour apéritif	518	15.8	45.4	29.7
38407	Biscuit apéritif feuilleté	509	12.3	53.7	26.5
38408	Crêpe dentelle (pour apéritif) au fromage, préemballée	555	9.3	48.8	35.6
38500	Croûton à l'ail aux fines herbes ou aux oignons, préemballé	492	8.8	58.9	24.1
39001	Milk-shake, provenant de fast food	126	3.4	17.4	4.7
39200	Crème dessert au chocolat, rayon frais	130	3.4	19.9	3.9
39206	Mousse au chocolat (base laitière), rayon frais	150	5.4	21.3	4.4
39209	Crème caramel, rayon frais	132	4.5	20.6	3.6
39210	Mousse au chocolat traditionnelle, préemballée	303	6.5	25.6	18.6
39211	Crème aux oeufs (petit pot de crème chocolat, vanille, etc.), rayon frais	176	4.3	19.4	8.9
39212	Riz au lait, rayon frais	126	3.3	21.4	3
39213	Crème brûlée, rayon frais	272	4.5	16.6	20.8
39214	Crème dessert à la vanille, appertisée	132	3.7	21.1	3.6
39215	Ile flottante, rayon frais	129	5	19.8	3.3
39216	Clafoutis aux fruits, préemballé	192	5.2	27.2	6.5
39218	Semoule au lait, rayon frais	121	3.5	19.4	3.2
39220	Liégeois aux fruits, préemballé	147	1.5	16	8.1
39228	Mousse aux fruits, rayon frais	53	6.3	5.5	0
39229	Crème dessert à la vanille, rayon frais	105	3.1	14.4	3.6
39230	Crème dessert, rayon frais (aliment moyen)	133	3.4	17.9	5.1
39232	Gâteau de riz, appertisé	115	4.3	20	1.9
39233	Fondant au chocolat noir et crème anglaise, préemballé	229	5.1	20	14.3
39234	Gâteau au chocolat, coeur fondant, préemballé (rayon frais)	364	6.9	41.9	18.1
39235	Mousse liégeoise (chocolat, café, caramel ou vanille), rayon frais	186	3.6	20	10.1
39236	Pain perdu	218	6	29	8.5
39246	Crème dessert au café, rayon frais	116	2.9	17.8	3.7
39247	Crème dessert au caramel, rayon frais	117	2.9	18.6	3.5
39248	Mousse au chocolat végétale, préemballée	262	6.7	24.3	14
39400	Lait de poule, sans alcool	88	4.6	8.1	4.2
39401	Pêche melba	119	2.1	18.8	3.6
39500	Glace à l'eau ou sorbet ou crème glacée, tout parfum (aliment moyen)	248	2.7	32.2	12
39502	Dessert glacé type mystère ou vacherin	275	3.2	40.5	10.7
39503	Glace ou crème glacée, bâtonnet, enrobé de chocolat	328	3.4	33.4	19.8
39505	Crème dessert, appertisée (aliment moyen)	135	3.5	21.4	3.5
39506	Crème dessert au chocolat, appertisée	138	3.3	21.8	3.4
39509	Glace ou crème glacée, cône (taille standard)	287	3.5	37.8	13.5
39511	Crème dessert, rayon frais ou appertisée (aliment moyen)	133	3.4	18	5.1
39512	Dessert glacé, type sundae	230	2.6	32.6	9.7
39515	Glace ou crème glacée, en bac	190	2.6	26.1	8.4
39516	Dessert glacé feuilleté, à partager	262	2.7	26.2	16.1
39517	Glace au yaourt	124	3.5	22.7	2.2
39518	Omelette norvégienne	212	3.6	34.8	6.5
39519	Poire belle Hélène	196	2.7	23.5	9.6
39520	Glace ou crème glacée, gourmande, en bac	225	3.1	29	10.7
39521	Glace ou crème glacée, gourmande, en pot	275	4.2	24.2	17.9
39522	Glace ou crème glacée, mini cône	353	4.2	38.5	20.2
39523	Glace ou crème glacée, pot individuel	234	3.2	26.7	12.7
39524	Sorbet, en bac	127	0.5	29.6	0.8
39525	Sorbet, pot individuel	131	0	27	2.5
39526	Glace à l'eau	85	0.1	20.8	0.2
39527	Glace ou crème glacée, bac ou pot (aliment moyen)	167	2.9	24.9	6.2
39528	Sorbet, cône	226	2.1	39.3	6.7
39529	Nougat glacé	263	4.9	25.3	15.2
39530	Citron givré ou Orange givrée (sorbet)	133	0.1	29.1	1.8
39531	Glace ou crème glacée, petit pot enfant	162	1.9	25.2	5.9
39532	Coupe glacée type café ou chocolat liégeois	220	3	28.6	10
39533	Bûche glacée	226	2.5	30	10.4
39534	Coupe glacée parfum pêche Melba ou poire Belle-Hélène	163	0.9	32.2	3.4
39700	Crème anglaise, préemballée	105	3.4	16.7	2.5
39710	Crème pâtissière	120	3.8	18	3.6
40002	Cervelle, agneau, crue	122	10.4	0.8	8.6
40003	Cervelle, agneau, cuite	145	12.6	0.8	10.2
40004	Cervelle, porc, braisée	174	12.4	0	13.8
40005	Cervelle, porc, crue	124	10.3	0	9.2
40006	Cervelle, veau, crue	117	10.3	0.5	8.2
40007	Cervelle, veau, cuite	133	11.5	0	9.6
40052	Coeur, boeuf, cru	103	18.5	0.7	3
40053	Coeur, boeuf, cuit	133	23	0.2	4.5
40054	Coeur, poulet, cru	149	15.6	0.7	9.3
40055	Coeur, dinde, cru	135	16.7	0.4	7.4
40056	Coeur, poulet, cuit	177	26.4	0.1	7.9
40057	Coeur, dinde, cuit	167	24.9	0	7.5
40058	Coeur, agneau, cru	119	16.5	0.4	5.7
40059	Coeur, agneau, cuit	179	25	1.9	7.9
40060	Coeur, porc, cru	109	17.1	0.4	4.3
40062	Coeur, veau, cru	106	16.1	1.8	3.8
40102	Foie, agneau, cru	148	21.8	2.9	5.5
40103	Foie, agneau, cuit	157	23	3.2	5.8
40104	Foie, génisse, cru	138	21	3.7	4.3
40105	Foie, génisse, cuit	165	26.3	2.2	5.7
40106	Foie, veau, cru	120	15.5	5.6	3.4
40107	Foie, veau, cuit	121	19	4.5	3
40108	Foie, volaille, cru	133	21.3	1.1	4.9
40109	Foie, volaille, cuit	164	25.8	0	6.4
40110	Foie, lapin, cru	132	19	5	4
40111	Foie, poulet, cru	121	18.8	1.1	4.6
40113	Foie, porc, cuit	159	26	3.8	4.4
40115	Foie, dinde, cru	123	18.3	0	5.5
40116	Foie, poulet, cuit	160	24.5	0.8	6.5
40118	Foie, dinde, cuit	182	27	0	8.2
40119	Foie, porc, cru	127	20.6	1.9	4.2
40120	Foie, oie, cru	129	16.3	6.3	4.3
40121	Foie, canard, cru	131	18.7	3.5	4.6
40201	Langue, veau, cuite	237	21	0	17
40202	Langue, boeuf, crue	193	16.8	0.4	13.8
40203	Langue, boeuf, cuite	235	23.7	0	15.6
40204	Langue, veau, crue	151	17	0.9	8.8
40205	Langue, porc, crue	191	16.6	0.5	13.6
40207	Langue, agneau, crue	167	15.4	1.8	10.9
40302	Ris, agneau, cru	122	14.6	0	7
40303	Ris, agneau, cuit	227	22.8	0	15.1
40304	Ris, veau, cru	97	17.4	0	3
40305	Ris, veau, braisé ou sauté/poêlé	136	21	0	5.8
40401	Rognon, cuit (aliment moyen)	161	26.1	0	6.3
40402	Rognon, boeuf, cru	96	17.1	0.9	2.7
40403	Rognon, boeuf, cuit	171	27	0	7
40404	Rognon, porc, cru	98	16.4	1.1	3.1
40405	Rognon, porc, cuit	144	25.4	0	4.7
40406	Rognon, agneau, braisé	127	23.7	0	3.6
40407	Rognon, agneau, cru	94	14.7	1.1	3.4
40408	Rognon, veau, braisé ou sauté/poêlé	167	26	0	7
40409	Rognon, veau, cru	86	16	0.2	2.4
40502	Tripes, boeuf, crues	82	12.1	0	3.7
40600	Sang, boeuf, cru	82	19.5	0.8	0.1
40601	Abat, cuit (aliment moyen)	162	25.1	1.4	6.2
40700	Gésier, poulet, cru	105	17.3	0.6	3.8
40701	Gésier, canard, confit, appertisé	149	32.4	0	2.1
42000	Substitut de repas hypocalorique, crème dessert	97	6.4	11.1	2.8
42003	Substitut de repas hypocalorique, prêt à boire	91	6.8	10.4	2.5
42004	Substitut de repas hypocalorique, poudre reconstituée avec lait écrémé	82	6.1	10.1	1.7
42005	Substitut de repas hypocalorique, poudre reconstituée avec lait écrémé, type milk-shake	87	6.2	10.2	2.3
42200	Lécithine de soja	779	0	8	83
42501	Poudre cacaotée pour bébé	396	8.5	85	1.9
42603	Plat légumes, avec féculent et viande/poisson, dès 6-8 mois	59	3.6	5.9	1.6
42604	Plat légumes, avec féculent et viande/poisson, dès 8-12 mois	55	2.8	6.8	1.3
42605	Plat légumes, avec féculent et viande/poisson, dès 12 mois	76	2.5	9	2.9
42606	Plat légumes, avec féculent et viande/poisson, dès 18 mois	68	2.8	9	2
51500	Meloukhia, feuilles de corète séchées, en poudre	239	23	12.7	1.8
51502	Meloukhia, sauce, artisanale	194	1.1	0.2	21
51510	Frik (blé dur immature concassé), cru	323	9.6	55.8	2.3
51511	Frik (blé dur immature concassé), cuit, non salé	76	2	14	0.5
51550	Khatfa feuille de brick, préemballée	283	7	59	1.5
53100	Banane plantain, crue	127	1.3	29.6	0.4
53101	Banane plantain, cuite	125	0.8	28.9	0.2
53200	Taro, tubercule, cru	107	1.5	22.8	0.2
53201	Taro, tubercule, cuit	131	0.5	29.5	0.1
53502	Igname, épluchée, crue	111	1.5	23.8	0.2
53503	Igname, épluchée, bouillie/cuite à l'eau	109	1.5	23.6	0.1
54031	Manioc, racine crue	157	1.3	36.3	0.3
54034	Manioc, racine cuite	132	0.7	32	0
54500	Fruit à pain, cru	105	1.1	22.2	0.2
58103	Gombo, fruit, cuit	17	1.9	2	0.2
76000	Eau minérale Abatilles, embouteillée, non gazeuse, faiblement minéralisée (Arcachon, 33)	0	0	0	0
76001	Eau minérale Aix-les-Bains, embouteillée, non gazeuse, faiblement minéralisée (Aix-les-Bains, 73)	0	0	0	0
76002	Eau minérale Aizac, embouteillée, gazeuse, faiblement minéralisée (Aizac, 07)	0	0	0	0
76004	Eau minérale Amanda, embouteillée, non gazeuse, fortement minéralisée (St-Amand, 59)	0	0	0	0
76006	Eau minérale Arcens, embouteillée, gazeuse, moyennement minéralisée (Arcens, 07)	0	0	0	0
76007	Eau minérale Ardesy, embouteillée, gazeuse, fortement minéralisée (Ardes, 63)	0	0	0	0
76010	Eau minérale Celtic, embouteillée, gazeuse ou non gazeuse, très faiblement minéralisée (Niederbronn, 67)	0	0	0	0
76011	Eau minérale Chambon, embouteillée, non gazeuse, faiblement minéralisée (Chambon, 45)	0	0	0	0
76012	Eau minérale Chantemerle, embouteillée, non gazeuse, faiblement minéralisée (Le Pestrin, 07)	0	0	0	0
76013	Eau minérale Chateauneuf, embouteillée, gazeuse, fortement minéralisée (Chateauneuf, 63)	0	0	0	0
76014	Eau minérale Chateldon, embouteillée, gazeuse, fortement minéralisée (Chateldon, 63)	0	0	0	0
76015	Eau minérale Clos de l'Abbaye, embouteillée, non gazeuse, moyennement minéralisée (St-Amand, 59)	0	0	0	0
76016	Eau minérale Contrex, embouteillée, non gazeuse, fortement minéralisée (Contrexéville, 88)	0	0	0	0
76017	Eau minérale Dax, embouteillée, non gazeuse, moyennement minéralisée (Dax, 40)	0	0	0	0
76018	Eau minérale Didier, embouteillée, gazeuse, fortement minéralisée (Martinique)	0	0	0	0
76019	Eau minérale Didier, embouteillée non gazeuse, fortement minéralisée (Martinique)	0	0	0	0
76020	Eau minérale Evian, embouteillée, non gazeuse, faiblement minéralisée (Evian, 74)	0	0	0	0
76022	Eau minérale Hépar, embouteillée, non gazeuse, fortement minéralisée (Vittel, 88)	0	0	0	0
76023	Eau minérale Hydroxydase, embouteillée, gazeuse, fortement minéralisée (Le Breuil sur Couze, 63)	0	0	0	0
76024	Eau minérale Vernière, embouteillée, gazeuse, moyennement minéralisée (Les Aires, 34)	0	0	0	0
76025	Eau minérale Luchon, embouteillée, non gazeuse, faiblement minéralisée (Luchon, 31)	0	0	0	0
76027	Eau minérale Mont-Roucous, embouteillée, très faiblement minéralisée (Lacaune, 81)	0	0	0	0
76028	Eau de source Ogeu, embouteillée, faiblement minéralisée (Ogeu, 64)	0	0	0	0
76029	Eau minérale Orée du bois, embouteillée, non gazeuse, moyennement minéralisée (St-Amand, 59)	0	0	0	0
76030	Eau minérale Orezza, embouteillée, gazeuse, moyennement minéralisée (Rapaggio, 20B)	0	0	0	0
76031	Eau minérale Parot, embouteillée, gazeuse, moyennement minéralisée (St-Romain-le-Puy, 42)	0	0	0	0
76032	Eau minérale Plancoet, embouteillée, gazeuse ou non gazeuse, faiblement minéralisée (Plancoet, 22)	0	0	0	0
76033	Eau minérale Propiac, embouteillée, non gazeuse, fortement minéralisée (Propiac, 26)	0	0	0	0
76034	Eau minérale Puits St-Georges, embouteillée, gazeuse, moyennement minéralisée (St-Romain-le-Puy, 42)	0	0	0	0
76035	Eau minérale Quézac, embouteillée, gazeuse, moyennement minéralisée (Quézac, 48)	0	0	0	0
76036	Eau minérale Reine des basaltes, embouteillée, gazeuse, moyennement minéralisée (Asperjoc, 07)	0	0	0	0
76037	Eau minérale Rozana, embouteillée, gazeuse, fortement minéralisée (Beauregard, 63)	0	0	0	0
76038	Eau minérale Sail-les-Bains, embouteillée, non gazeuse, faiblement minéralisée (Sail-les-Bains, 42)	0	0	0	0
76039	Eau minérale Salvetat, embouteillée, gazeuse, moyennement minéralisée (La Salvetat, 34)	0	0	0	0
76043	Eau minérale St-Amand, embouteillée, gazeuse ou non gazeuse, moyennement minéralisée (St-Amand, 59)	0	0	0	0
76044	Eau minérale St-Antonin, embouteillée, non gazeuse, fortement minéralisée (St-Antonin-Noble-Val, 82)	0	0	0	0
76046	Eau minérale St-Diéry, embouteillée, gazeuse, fortement minéralisée (St-Diéry, 63)	0	0	0	0
76047	Eau minérale Ste-Marguerite, embouteillée, gazeuse, moyennement minéralisée (St-Maurice, 63)	0	0	0	0
76049	Eau minérale St-Yorre, embouteillée, gazeuse, fortement minéralisée (Saint-Yorre, 03)	0	0	0	0
76050	Eau minérale Thonon, embouteillée, non gazeuse, faiblement minéralisée (Thonon, 74)	0	0	0	0
76053	Eau minérale Ventadour, embouteillée, gazeuse, faiblement minéralisée (Le Pestrin, 07)	0	0	0	0
76054	Eau minérale Vernet, embouteillée, gazeuse, faiblement minéralisée (Prades, 07)	0	0	0	0
76055	Eau minérale Vichy Célestins, embouteillée, gazeuse, fortement minéralisée (Saint-Yorre, 03)	0	0	0	0
76056	Eau minérale Vittel, embouteillée, non gazeuse, moyennement minéralisée (Vittel, 88)	0	0	0	0
76057	Eau minérale Volvic, embouteillée, non gazeuse, faiblement minéralisée (Volvic, 63)	0	0	0	0
76058	Eau minérale Volvic active, embouteillée, gazeuse, faiblement minéralisée (Volvic, 63)	0	0	0	0
76059	Eau minérale Wattwiller, embouteillée, gazeuse ou non gazeuse, faiblement minéraliséee (Wattwiller, 68)	0	0	0	0
76060	Eau minérale Perrier, embouteillée, gazeuse, faiblement minéralisée (Vergèse, 30)	0	0	0	0
76061	Eau minérale Badoit, embouteillée, gazeuse, moyennement minéralisée (St-Galmier, 42)	0	0	0	0
76062	Eau minérale Avra, embouteillée, non gazeuse, faiblement minéralisée (Grèce)	0	0	0	0
76063	Eau minérale Beckerich, embouteillée, non gazeuse, faiblement minéralisée (Luxembourg)	0	0	0	0
76065	Eau minérale Chaudfontaine, embouteillée, non gazeuse, faiblement minéralisée (Belgique)	0	0	0	0
76066	Eau minérale Christinen Brunnen, embouteillée, non gazeuse, moyennement minéralisée (Allemagne)	0	0	0	0
76067	Eau minérale Courmayeur, embouteillée, non gazeuse, fortement minéralisée (Italie)	0	0	0	0
76069	Eau minérale Levissima, embouteillée, non gazeuse, faiblement minéralisée (Italie)	0	0	0	0
76070	Eau minérale Luso, embouteillée, non gazeuse, très faiblement minéralisée (Portugal)	0	0	0	0
76071	Eau minérale Néro, embouteillée, non gazeuse, faiblement minéralisée (Grèce)	0	0	0	0
76072	Eau minérale Penacova, embouteillée, non gazeuse, très faiblement minéralisée (Portugal)	0	0	0	0
76074	Eau minérale San Bernardo, embouteillée, très faiblement minéralisée (Italie)	0	0	0	0
76075	Eau minérale San Pellegrino, embouteillée, gazeuse, moyennement minéralisée (Italie)	0	0	0	0
76076	Eau minérale Spa-Reine, embouteillée, gazeuse ou non non gazeuse, moyennement minéralisée (Belgique)	0	0	0	0
76078	Eau minérale Valvert, embouteillée, non gazeuse, faiblement minéralisée (Belgique)	0	0	0	0
76079	Eau minérale Appollinaris, embouteillée, non gazeuse, fortement minéralisée (Allemagne)	0	0	0	0
76080	Eau de source Cristaline, embouteillée, non gazeuse	0	0	0	0
76081	Eau minérale Biovive, embouteillée, non gazeuse, faiblement minéralisée (Dax, 40)	0	0	0	0
76082	Eau minérale La Cairolle, embouteillée, non gazeuse, fortement minéralisée (Les Aires, 34)	0	0	0	0
76083	Eau minérale Cilaos, embouteillée, gazeuse, fortement minéralisée (Cilaos, 974)	0	0	0	0
76085	Eau minérale La Française, embouteillée, non gazeuse, fortement minéralisée (Propiac, 26)	0	0	0	0
76086	Eau minérale Montcalm, embouteillée, non gazeuse, très faiblement minéralisée (Auzat, 09)	0	0	0	0
76087	Eau minérale Montclar, embouteillée, non gazeuse, faiblement minéralisée (Montclar, 04)	0	0	0	0
76088	Eau minérale Nessel, embouteillée, gazeuse, moyennement minéralisée (Soultzmatt, 68)	0	0	0	0
76089	Eau minérale Ogeu, embouteillée, gazeuse, faiblement minéralisée (Ogeu-les-Bains, 64)	0	0	0	0
76090	Eau minérale Ogeu, embouteillée, non gazeuse, faiblement minéralisée (Ogeu-les-Bains, 64)	0	0	0	0
76091	Eau minérale Prince Noir, embouteillée, non gazeuse, fortement minéralisée (St-Antonin-Noble-Val, 82)	0	0	0	0
76092	Eau minérale St-Alban, embouteillée, gazeuse, moyennement minéralisée (St-Alban, 42)	0	0	0	0
76093	Eau minérale St-Géron, embouteillée, gazeuse, moyennement minéralisée (St-Géron, 43)	0	0	0	0
76094	Eau minérale St-Michel-de-Mourcairol, embouteillée, gazeuse, moyennement minéralisée (Les Aires, 34)	0	0	0	0
76095	Eau minérale Treignac, embouteillée, non gazeuse, très faiblement minéralisée (Treignac, 19)	0	0	0	0
76096	Eau minérale Vals, embouteillée, gazeuse, moyennement minéralisée (Vals-les-Bains, 07)	0	0	0	0
76097	Eau minérale Vauban, embouteillée, non gazeuse, moyennement minéralisée (St-Amand-les-Eaux, 59)	0	0	0	0
76100	Eau minérale Carola, embouteillée, gazeuse ou non gazeuse, moyennement minéralisée (Ribeauville, 68)	0	0	0	0
76101	Eau minérale Mont-Blanc, embouteillée, non gazeuse, faiblement minéralisée (Italie)	0	0	0	0
76102	Eau minérale Eden (La Goa), embouteillée, non gazeuse, faiblement minéralisée (Suisse)	0	0	0	0
96778	Pâte à pizza cuite	324	7.8	55.3	7.1
96781	Amidon de riz	343	0.6	85	0
